product_url,slug,discovered,html_downloaded,parsed,included_in_products_json,included_in_products_csv,failure_reason
https://cartly.com.pk/product/shape-up-cream-in-pakistan,shape-up-cream-in-pakistan,true,true,true,true,true,
https://cartly.com.pk/product/kojic-acid-turmeric-cleansing-60-pads-price,kojic-acid-turmeric-cleansing-60-pads-price,true,true,true,true,true,
https://cartly.com.pk/product/wokali-stretch-marks-cream-130ml-in-pakistan,wokali-stretch-marks-cream-130ml-in-pakistan,true,true,true,true,true,
https://cartly.com.pk/product/roushun-hyaluronic-acid-face-serum-30ml-price,roushun-hyaluronic-acid-face-serum-30ml-price,true,true,true,true,true,
https://cartly.com.pk/product/v-comb-anti-lice-machine-in-pakistan,v-comb-anti-lice-machine-in-pakistan,true,true,true,true,true,
https://cartly.com.pk/product/homeo-cure-beauty-cream-18g-in-pakistan,homeo-cure-beauty-cream-18g-in-pakistan,true,true,true,true,true,
https://cartly.com.pk/product/contractubex-20g-gel-in-pakistan,contractubex-20g-gel-in-pakistan,true,true,true,true,true,
https://cartly.com.pk/product/pink-areola-whitening-cream-in-pakistan,pink-areola-whitening-cream-in-pakistan,true,true,true,true,true,
https://cartly.com.pk/product/aichun-beauty-stretch-marks-oil-in-pakistan,aichun-beauty-stretch-marks-oil-in-pakistan,true,true,true,true,true,
https://cartly.com.pk/product/meidu-black-hair-dye-shampoo-in-pakistan,meidu-black-hair-dye-shampoo-in-pakistan,true,true,true,true,true,
https://cartly.com.pk/product/vip-hair-colour-shampoo-price-in-pakistan,vip-hair-colour-shampoo-price-in-pakistan,true,true,true,true,true,
https://cartly.com.pk/product/garnier-hair-color-shampoo-online-in-pakistan,garnier-hair-color-shampoo-online-in-pakistan,true,true,true,true,true,
https://cartly.com.pk/product/hair-nurturing-100ml-shampoo-in-pakistan,hair-nurturing-100ml-shampoo-in-pakistan,true,true,true,true,true,
https://cartly.com.pk/product/hot-shaper-belt-for-weight-loss-in-pakistan,hot-shaper-belt-for-weight-loss-in-pakistan,true,true,true,true,true,
https://cartly.com.pk/product/caffeine-hair-shampoo-250ml-in-pakistan,caffeine-hair-shampoo-250ml-in-pakistan,true,true,true,true,true,
https://cartly.com.pk/product/hair-growth-essential-oil-30ml-in-pakistan,hair-growth-essential-oil-30ml-in-pakistan,true,true,true,true,true,
https://cartly.com.pk/product/buy-100-natural-beard-growth-oil-in-pakistan,buy-100-natural-beard-growth-oil-in-pakistan,true,true,true,true,true,
https://cartly.com.pk/product/bella-natural-herbal-breast-enlargement-cream-100g-in-pakistan,bella-natural-herbal-breast-enlargement-cream-100g-in-pakistan,true,true,true,true,true,
https://cartly.com.pk/product/balay-papaya-breast-enlargement-oil-50ml-in-pakistan,balay-papaya-breast-enlargement-oil-50ml-in-pakistan,true,true,true,true,true,
https://cartly.com.pk/product/green-wealth-neo-hair-lotion-120-ml-in-pakistan,green-wealth-neo-hair-lotion-120-ml-in-pakistan,true,true,true,true,true,
https://cartly.com.pk/product/original-balry-breast-enlargement-tight-cream-50ml-in-pakistan,original-balry-breast-enlargement-tight-cream-50ml-in-pakistan,true,true,true,true,true,
https://cartly.com.pk/product/scar-removal-stretch-marks-serum-in-pakistan,scar-removal-stretch-marks-serum-in-pakistan,true,true,true,true,true,
https://cartly.com.pk/product/ultra-v-gel-for-vaginal-tightening-in-lahore,ultra-v-gel-for-vaginal-tightening-in-lahore,true,true,true,true,true,
https://cartly.com.pk/product/purebody-butt-breast-cream-in-pakistan,purebody-butt-breast-cream-in-pakistan,true,true,true,true,true,
https://cartly.com.pk/product/naturaful-breast-enhancement-cream-in-pakistan,naturaful-breast-enhancement-cream-in-pakistan,true,true,true,true,true,
https://cartly.com.pk/product/chiltan-pure-castor-oil-140ml-price-in-pakistan,chiltan-pure-castor-oil-140ml-price-in-pakistan,true,true,true,true,true,
https://cartly.com.pk/product/chiltan-pure-spot-clearing-cream-in-pakistan,chiltan-pure-spot-clearing-cream-in-pakistan,true,true,true,true,true,
https://cartly.com.pk/product/saeed-ghani-castor-oil-50ml-in-pakistan,saeed-ghani-castor-oil-50ml-in-pakistan,true,true,true,true,true,
https://cartly.com.pk/product/sodsnie-breast-enhancement-cream-in-pakistan,sodsnie-breast-enhancement-cream-in-pakistan,true,true,true,true,true,
https://cartly.com.pk/product/dr-rashel-whitening-fade-spots-serum-50ml-in-pakistan,dr-rashel-whitening-fade-spots-serum-50ml-in-pakistan,true,true,true,true,true,
https://cartly.com.pk/product/revolution-ultra-cover-and-conceal-palette-price,revolution-ultra-cover-and-conceal-palette-price,true,true,true,true,true,
https://cartly.com.pk/product/urban-decay-vice-lipstick-cruel-metalized-cheeks,urban-decay-vice-lipstick-cruel-metalized-cheeks,true,true,true,true,true,
https://cartly.com.pk/product/instant-hair-color-shampoo-in-pakistan,instant-hair-color-shampoo-in-pakistan,true,true,true,true,true,
https://cartly.com.pk/product/muicin-hair-color-shampoo-in-pakistan,muicin-hair-color-shampoo-in-pakistan,true,true,true,true,true,
https://cartly.com.pk/product/glow-clean-anti-acne-cleanser-in-pakistan,glow-clean-anti-acne-cleanser-in-pakistan,true,true,true,true,true,
https://cartly.com.pk/product/breast-enlargement-firming-cream-in-pakistan,breast-enlargement-firming-cream-in-pakistan,true,true,true,true,true,
https://cartly.com.pk/product/ceramic-hair-straightener-black-flat-irons-in-pakistan,ceramic-hair-straightener-black-flat-irons-in-pakistan,true,true,true,true,true,
https://cartly.com.pk/product/umate-laser-hair-removal-price-in-pakistan,umate-laser-hair-removal-price-in-pakistan,true,true,true,true,true,
https://cartly.com.pk/product/hair-removal-online-at-best-price-in-pakistan,hair-removal-online-at-best-price-in-pakistan,true,true,true,true,true,
https://cartly.com.pk/product/uptown-la-4in1-super-skin-glowing-serum,uptown-la-4in1-super-skin-glowing-serum,true,true,true,true,true,
https://cartly.com.pk/product/accu-chek-active-system-in-pakistan,accu-chek-active-system-in-pakistan,true,true,true,true,true,
https://cartly.com.pk/product/vigini-v-tightening-whitening-gel-in-pakistan,vigini-v-tightening-whitening-gel-in-pakistan,true,true,true,true,true,
https://cartly.com.pk/product/kojic-acid-whitening-facial-serum-30ml,kojic-acid-whitening-facial-serum-30ml,true,true,true,true,true,
https://cartly.com.pk/product/cutish-ready-2-white-whitening-serum,cutish-ready-2-white-whitening-serum,true,true,true,true,true,
https://cartly.com.pk/product/nose-defining-serum-in-pakistan,nose-defining-serum-in-pakistan,true,true,true,true,true,
https://cartly.com.pk/product/bioaqua-camellia-anti-oxygen-nourishing-facial-serum,bioaqua-camellia-anti-oxygen-nourishing-facial-serum,true,true,true,true,true,
https://cartly.com.pk/product/best-nipple-cream-in-pakistan,best-nipple-cream-in-pakistan,true,true,true,true,true,
https://cartly.com.pk/product/honeydew-bust-firming-cream-in-pakistan,honeydew-bust-firming-cream-in-pakistan,true,true,true,true,true,
https://cartly.com.pk/product/v-tight-gel-price-in-pakistan,v-tight-gel-price-in-pakistan,true,true,true,true,true,
https://cartly.com.pk/product/sabates-vaginal-tightening-cream-in-pakistan,sabates-vaginal-tightening-cream-in-pakistan,true,true,true,true,true,
https://cartly.com.pk/product/zenvista-v-secret-vaginal-tightening-cream,zenvista-v-secret-vaginal-tightening-cream,true,true,true,true,true,
https://cartly.com.pk/product/just-for-men-shampoo-in-haircolour-dark-brown,just-for-men-shampoo-in-haircolour-dark-brown,true,true,true,true,true,
https://cartly.com.pk/product/pk24-vagina-tightening-cream-in-pakistan,pk24-vagina-tightening-cream-in-pakistan,true,true,true,true,true,
https://cartly.com.pk/product/revitalize-100-vaginal-tightening-gel-in-pakistan,revitalize-100-vaginal-tightening-gel-in-pakistan,true,true,true,true,true,
https://cartly.com.pk/product/biomix-revita-squeeze-vaginal-tightening-gel,biomix-revita-squeeze-vaginal-tightening-gel,true,true,true,true,true,
https://cartly.com.pk/product/reverse-vaginal-tightening-gel-in-pakistan,reverse-vaginal-tightening-gel-in-pakistan,true,true,true,true,true,
https://cartly.com.pk/product/doc-johnson-reverse-tightening-gel-for-women,doc-johnson-reverse-tightening-gel-for-women,true,true,true,true,true,
https://cartly.com.pk/product/bosnow-sexy-pink-cream-in-pakistan,bosnow-sexy-pink-cream-in-pakistan,true,true,true,true,true,
https://cartly.com.pk/product/bosnow-60ml-rose-area-moisturizing-cream,bosnow-60ml-rose-area-moisturizing-cream,true,true,true,true,true,
https://cartly.com.pk/product/mini-love-orgasmic-gel-in-pakistan,mini-love-orgasmic-gel-in-pakistan,true,true,true,true,true,
https://cartly.com.pk/product/v18-vaginal-tightening-cream-in-pakistan,v18-vaginal-tightening-cream-in-pakistan,true,true,true,true,true,
https://cartly.com.pk/product/v18-vaginal-tightening-spray-in-pakistan,v18-vaginal-tightening-spray-in-pakistan,true,true,true,true,true,
https://cartly.com.pk/product/vega-teen-vaginal-tightening-cream-in-pakistan,vega-teen-vaginal-tightening-cream-in-pakistan,true,true,true,true,true,
https://cartly.com.pk/product/breast-firming-cream-in-pakistan,breast-firming-cream-in-pakistan,true,true,true,true,true,
https://cartly.com.pk/product/18-again-vaginal-shrink-cream-in-pakistan,18-again-vaginal-shrink-cream-in-pakistan,true,true,true,true,true,
https://cartly.com.pk/product/everteen-gel-in-pakistan,everteen-gel-in-pakistan,true,true,true,true,true,
https://cartly.com.pk/product/dr-rashel-products-online-in-pakistan,dr-rashel-products-online-in-pakistan,true,true,true,true,true,
https://cartly.com.pk/product/dr-rashel-aloe-vera-cleansing-milk-120ml,dr-rashel-aloe-vera-cleansing-milk-120ml,true,true,true,true,true,
https://cartly.com.pk/product/apple-hair-color-96-natural-black-cream-in-pakistan,apple-hair-color-96-natural-black-cream-in-pakistan,true,true,true,true,true,
https://cartly.com.pk/product/sardar-jee-hair-color-gel-in-pakistan,sardar-jee-hair-color-gel-in-pakistan,true,true,true,true,true,
https://cartly.com.pk/product/apple-hair-colour-shampoo-natural-black-in-pakistan,apple-hair-colour-shampoo-natural-black-in-pakistan,true,true,true,true,true,
https://cartly.com.pk/product/gk-argan-oil-hair-serum-50ml-in-pakistan,gk-argan-oil-hair-serum-50ml-in-pakistan,true,true,true,true,true,
https://cartly.com.pk/product/accu-chek-performa-gluco-strips-box-50-strips-,accu-chek-performa-gluco-strips-box-50-strips-,true,true,true,true,true,
https://cartly.com.pk/product/voltaren-gel-in-pakistan,voltaren-gel-in-pakistan,true,true,true,true,true,
https://cartly.com.pk/product/moov-rapid-pain-relief-cream-in-pakistan,moov-rapid-pain-relief-cream-in-pakistan,true,true,true,true,true,
https://cartly.com.pk/product/uptown-la-niacinamide-serum-1000ml,uptown-la-niacinamide-serum-1000ml,true,true,true,true,true,
https://cartly.com.pk/product/minimalist-serums-in-pakistan,minimalist-serums-in-pakistan,true,true,true,true,true,
https://cartly.com.pk/product/kojic-acid-1-alpha-arbutin-2-serum-in-pakistan,kojic-acid-1-alpha-arbutin-2-serum-in-pakistan,true,true,true,true,true,
https://cartly.com.pk/product/aichun-beauty-vitamin-e-face-serum-in-pakistan,aichun-beauty-vitamin-e-face-serum-in-pakistan,true,true,true,true,true,
https://cartly.com.pk/product/bnb-aloe-vera-soothing-gel-200ml-in-pakistan,bnb-aloe-vera-soothing-gel-200ml-in-pakistan,true,true,true,true,true,
https://cartly.com.pk/product/west-month-salicylic-acid-moisturizing-face-serum,west-month-salicylic-acid-moisturizing-face-serum,true,true,true,true,true,
https://cartly.com.pk/product/trstay-white-rice-whitening-face-serum-in-pakistan,trstay-white-rice-whitening-face-serum-in-pakistan,true,true,true,true,true,
https://cartly.com.pk/product/double-serum-clarins-paris-in-pakistan,double-serum-clarins-paris-in-pakistan,true,true,true,true,true,
https://cartly.com.pk/product/tourmaline-herbal-soap-in-pakistan,tourmaline-herbal-soap-in-pakistan,true,true,true,true,true,
https://cartly.com.pk/product/acne-foaming-cream-wash-in-pakistan,acne-foaming-cream-wash-in-pakistan,true,true,true,true,true,
https://cartly.com.pk/product/l-oreal-paris-glycolic-bright-instant-glowing-face-serum,l-oreal-paris-glycolic-bright-instant-glowing-face-serum,true,true,true,true,true,
https://cartly.com.pk/product/bnb-skincare-kit-vitamin-in-pakistan,bnb-skincare-kit-vitamin-in-pakistan,true,true,true,true,true,
https://cartly.com.pk/product/pears-soap-price-in-pakistan,pears-soap-price-in-pakistan,true,true,true,true,true,
https://cartly.com.pk/product/johnson-s-baby-jelly-100-ml-in-pakistan,johnson-s-baby-jelly-100-ml-in-pakistan,true,true,true,true,true,
https://cartly.com.pk/product/lux-body-wash-dazzling-pomegranate-450ml,lux-body-wash-dazzling-pomegranate-450ml,true,true,true,true,true,
https://cartly.com.pk/product/bio-varens-beaute-paris-40ml-in-pakistan,bio-varens-beaute-paris-40ml-in-pakistan,true,true,true,true,true,
https://cartly.com.pk/product/smashbox-camera-ready-bb-water-spf-30,smashbox-camera-ready-bb-water-spf-30,true,true,true,true,true,
https://cartly.com.pk/product/smashbox-cosmetics-x-rated-mascara-review,smashbox-cosmetics-x-rated-mascara-review,true,true,true,true,true,
https://cartly.com.pk/product/rimmel-london-lasting-finish-25-hour-powder,rimmel-london-lasting-finish-25-hour-powder,true,true,true,true,true,
https://cartly.com.pk/product/max-factor-false-lash-epic-mascara-black,max-factor-false-lash-epic-mascara-black,true,true,true,true,true,
https://cartly.com.pk/product/elizabeth-arden-visible-difference-optimizing-skin-serum,elizabeth-arden-visible-difference-optimizing-skin-serum,true,true,true,true,true,
https://cartly.com.pk/product/rose-strawberry-yoni-oil-in-pakistan,rose-strawberry-yoni-oil-in-pakistan,true,true,true,true,true,
https://cartly.com.pk/product/mederma-advanced-scar-gel-in-pakistan,mederma-advanced-scar-gel-in-pakistan,true,true,true,true,true,
https://cartly.com.pk/product/series-8-pro-max-smart-watch-in-pakistan,series-8-pro-max-smart-watch-in-pakistan,true,true,true,true,true,
https://cartly.com.pk/product/panasonic-electric-kettle-price-in-pakistan,panasonic-electric-kettle-price-in-pakistan,true,true,true,true,true,
https://cartly.com.pk/product/starbuy-starry-sky-top-humidifier-in-pakistan,starbuy-starry-sky-top-humidifier-in-pakistan,true,true,true,true,true,
https://cartly.com.pk/product/buy-mini-travel-iron-price-in-pakistan,buy-mini-travel-iron-price-in-pakistan,true,true,true,true,true,
https://cartly.com.pk/product/buy-p9-headphones-online-at-best-in-pakistan,buy-p9-headphones-online-at-best-in-pakistan,true,true,true,true,true,
https://cartly.com.pk/product/a9-1080p-hd-magnetic-wifi-mini-camera-in-pakistan,a9-1080p-hd-magnetic-wifi-mini-camera-in-pakistan,true,true,true,true,true,
https://cartly.com.pk/product/airpods-pro-master-copy-in-pakistan,airpods-pro-master-copy-in-pakistan,true,true,true,true,true,
https://cartly.com.pk/product/crystal-heating-hair-styler-combs-in-pakistan,crystal-heating-hair-styler-combs-in-pakistan,true,true,true,true,true,
https://cartly.com.pk/product/interchangeable-3-in-1-hair-curler-wand-price-in-pakistan,interchangeable-3-in-1-hair-curler-wand-price-in-pakistan,true,true,true,true,true,
https://cartly.com.pk/product/usb-electric-coffee-mug-warmer-with-in-pakistan,usb-electric-coffee-mug-warmer-with-in-pakistan,true,true,true,true,true,
https://cartly.com.pk/product/multifunctional-flashlight-car-safety-hammer-flashlight,multifunctional-flashlight-car-safety-hammer-flashlight,true,true,true,true,true,
https://cartly.com.pk/product/1pc-micro-glow-portable-handset-price-in-pakistan,1pc-micro-glow-portable-handset-price-in-pakistan,true,true,true,true,true,
https://cartly.com.pk/product/finishing-touch-price-in-pakistan,finishing-touch-price-in-pakistan,true,true,true,true,true,
https://cartly.com.pk/product/finishing-touch-flawless-hair-remover-in-pakistan,finishing-touch-flawless-hair-remover-in-pakistan,true,true,true,true,true,
https://cartly.com.pk/product/portable-juicer-mixer-in-pakistan,portable-juicer-mixer-in-pakistan,true,true,true,true,true,
https://cartly.com.pk/product/smart-waterproof-led-flood-lights-in-pakistan,smart-waterproof-led-flood-lights-in-pakistan,true,true,true,true,true,
https://cartly.com.pk/product/super-kamagra-jelly-price-in-pakistan,super-kamagra-jelly-price-in-pakistan,true,true,true,true,true,
https://cartly.com.pk/product/viga-spray-45ml-price-in-pakistan,viga-spray-45ml-price-in-pakistan,true,true,true,true,true,
https://cartly.com.pk/product/fruit-vinegar-hair-colour-in-pakistan,fruit-vinegar-hair-colour-in-pakistan,true,true,true,true,true,
https://cartly.com.pk/product/lolane-natura-7-in-1-hair-serum-in-pakistan,lolane-natura-7-in-1-hair-serum-in-pakistan,true,true,true,true,true,
https://cartly.com.pk/product/feg-plus-hair-growth-spray-30ml-in-pakistan,feg-plus-hair-growth-spray-30ml-in-pakistan,true,true,true,true,true,
https://cartly.com.pk/product/shedavi-hair-scalp-growth-elixir-serum-in-pakistan,shedavi-hair-scalp-growth-elixir-serum-in-pakistan,true,true,true,true,true,
https://cartly.com.pk/product/steller-nourishing-hair-serum-in-pakistan,steller-nourishing-hair-serum-in-pakistan,true,true,true,true,true,
https://cartly.com.pk/product/the-ordinary-hair-serum-in-pakistan,the-ordinary-hair-serum-in-pakistan,true,true,true,true,true,
https://cartly.com.pk/product/melalite-forte-cream-price-in-pakistan,melalite-forte-cream-price-in-pakistan,true,true,true,true,true,
https://cartly.com.pk/product/kozimax-skin-lightening-cream-in-pakistan,kozimax-skin-lightening-cream-in-pakistan,true,true,true,true,true,
https://cartly.com.pk/product/original-glyco-12-cream-in-pakistan,original-glyco-12-cream-in-pakistan,true,true,true,true,true,
https://cartly.com.pk/product/mequinol-cream-in-pakistan,mequinol-cream-in-pakistan,true,true,true,true,true,
https://cartly.com.pk/product/hydrocortisone-cream-10g-in-pakistan,hydrocortisone-cream-10g-in-pakistan,true,true,true,true,true,
https://cartly.com.pk/product/prila-5-cream-in-faisalabad,prila-5-cream-in-faisalabad,true,true,true,true,true,
https://cartly.com.pk/product/glenmark-demelan-cream-20g-in-pakistan,glenmark-demelan-cream-20g-in-pakistan,true,true,true,true,true,
https://cartly.com.pk/product/monobenzyl-ether-of-hydroquinone-cream-in-pakistan,monobenzyl-ether-of-hydroquinone-cream-in-pakistan,true,true,true,true,true,
https://cartly.com.pk/product/brinton-benoquin-monobenzone-cream-in-pakistan,brinton-benoquin-monobenzone-cream-in-pakistan,true,true,true,true,true,
https://cartly.com.pk/product/benoquin-cream-60-in-pakistan-,benoquin-cream-60-in-pakistan-,true,true,true,true,true,
https://cartly.com.pk/product/benoquin-monobenzone-cream-in-pakistan,benoquin-monobenzone-cream-in-pakistan,true,true,true,true,true,
https://cartly.com.pk/product/fair-look-imported-cream-in-pakistan,fair-look-imported-cream-in-pakistan,true,true,true,true,true,
https://cartly.com.pk/product/buy-olay-regenerist-price-in-pakistan,buy-olay-regenerist-price-in-pakistan,true,true,true,true,true,
https://cartly.com.pk/product/tretinoin-cream-0-1-price-in-pakistan,tretinoin-cream-0-1-price-in-pakistan,true,true,true,true,true,
https://cartly.com.pk/product/tretinoin-0-05-cream-buy-online-in-pakistan,tretinoin-0-05-cream-buy-online-in-pakistan,true,true,true,true,true,
https://cartly.com.pk/product/buy-mylan-tretinoin-online-in-pakistan,buy-mylan-tretinoin-online-in-pakistan,true,true,true,true,true,
https://cartly.com.pk/product/acretin-0-025-cream-30g-price-in-pakistan,acretin-0-025-cream-30g-price-in-pakistan,true,true,true,true,true,
https://cartly.com.pk/product/retin-a-0-05-cream-price-in-pakistan,retin-a-0-05-cream-price-in-pakistan,true,true,true,true,true,
https://cartly.com.pk/product/uniqueen-monobenzone-cream-100g-jar-in-pakistan,uniqueen-monobenzone-cream-100g-jar-in-pakistan,true,true,true,true,true,
https://cartly.com.pk/product/monobenzone-cream-usp-original-price-in-pakistan,monobenzone-cream-usp-original-price-in-pakistan,true,true,true,true,true,
https://cartly.com.pk/product/buy-online-manual-juice-squeezer-in-pakistan,buy-online-manual-juice-squeezer-in-pakistan,true,true,true,true,true,
https://cartly.com.pk/product/buy-original-juicers-online-in-pakistan,buy-original-juicers-online-in-pakistan,true,true,true,true,true,
https://cartly.com.pk/product/home-stainless-steel-squeezable-mop-in-pakistan,home-stainless-steel-squeezable-mop-in-pakistan,true,true,true,true,true,
https://cartly.com.pk/product/expandable-magic-hose-pipe-in-pakistan,expandable-magic-hose-pipe-in-pakistan,true,true,true,true,true,
https://cartly.com.pk/product/bio-woman-magic-hair-serum-in-pakistan,bio-woman-magic-hair-serum-in-pakistan,true,true,true,true,true,
https://cartly.com.pk/product/hair-vita-hair-growth-serum-in-pakistan,hair-vita-hair-growth-serum-in-pakistan,true,true,true,true,true,
https://cartly.com.pk/product/bremod-top-smooth-black-hair-oil-in-pakistan,bremod-top-smooth-black-hair-oil-in-pakistan,true,true,true,true,true,
https://cartly.com.pk/product/wellice-onion-shampoo-price-in-pakistan,wellice-onion-shampoo-price-in-pakistan,true,true,true,true,true,
https://cartly.com.pk/product/neo-hair-herbal-shampoo,neo-hair-herbal-shampoo,true,true,true,true,true,
https://cartly.com.pk/product/buy-dxn-soap-online-at-best-in-pakistan,buy-dxn-soap-online-at-best-in-pakistan,true,true,true,true,true,
https://cartly.com.pk/product/sodsnie-breast-enlargement-cream,sodsnie-breast-enlargement-cream,true,true,true,true,true,
https://cartly.com.pk/product/pannamas-breast-cream-in-pakistan,pannamas-breast-cream-in-pakistan,true,true,true,true,true,
https://cartly.com.pk/product/fezora-neck-back-whitening-cream-in-lahore,fezora-neck-back-whitening-cream-in-lahore,true,true,true,true,true,
https://cartly.com.pk/product/eibhc-ayurvedic-breast-toner-massage-oil,eibhc-ayurvedic-breast-toner-massage-oil,true,true,true,true,true,
https://cartly.com.pk/product/vince-perfect-30-s-eye-cream-in-pakistan,vince-perfect-30-s-eye-cream-in-pakistan,true,true,true,true,true,
https://cartly.com.pk/product/buy-skin-care-sets-kits-online-in-pakistan,buy-skin-care-sets-kits-online-in-pakistan,true,true,true,true,true,
https://cartly.com.pk/product/dermasation-24k-gold-facial-kit-price-in-pakistan,dermasation-24k-gold-facial-kit-price-in-pakistan,true,true,true,true,true,
https://cartly.com.pk/product/glow-clean-beauty-cream-in-pakistan,glow-clean-beauty-cream-in-pakistan,true,true,true,true,true,
https://cartly.com.pk/product/dempo-snow-cream-in-pakistan,dempo-snow-cream-in-pakistan,true,true,true,true,true,
https://cartly.com.pk/product/benoquin-cream-price-in-pakistan,benoquin-cream-price-in-pakistan,true,true,true,true,true,
https://cartly.com.pk/product/mbeh-cream-price-in-pakistan,mbeh-cream-price-in-pakistan,true,true,true,true,true,
https://cartly.com.pk/product/vlcc-gold-facial-kit-price-in-pakistan-daraz,vlcc-gold-facial-kit-price-in-pakistan-daraz,true,true,true,true,true,
https://cartly.com.pk/product/vivite-super-vitamin-charming-aura-whitening-roll-on,vivite-super-vitamin-charming-aura-whitening-roll-on,true,true,true,true,true,
https://cartly.com.pk/product/roushun-lemon-honey-anti-acne-and-brightening-face-serum-30ml,roushun-lemon-honey-anti-acne-and-brightening-face-serum-30ml,true,true,true,true,true,
https://cartly.com.pk/product/serum-fortifiant-hair-serum-in-pakistan,serum-fortifiant-hair-serum-in-pakistan,true,true,true,true,true,
https://cartly.com.pk/product/bourjois-healthy-mix-anti-fatigue-concealer-in-pakistan,bourjois-healthy-mix-anti-fatigue-concealer-in-pakistan,true,true,true,true,true,
https://cartly.com.pk/product/elizabeth-arden-flawless-finish-perfectly-satin,elizabeth-arden-flawless-finish-perfectly-satin,true,true,true,true,true,
https://cartly.com.pk/product/prime-magic-clear-face-primer-in-pakistan,prime-magic-clear-face-primer-in-pakistan,true,true,true,true,true,
https://cartly.com.pk/product/rimmel-match-perfection-skin-tone-adapting-concealer,rimmel-match-perfection-skin-tone-adapting-concealer,true,true,true,true,true,
https://cartly.com.pk/product/multi-action-night-repair-face-serum-in-pakistan,multi-action-night-repair-face-serum-in-pakistan,true,true,true,true,true,
https://cartly.com.pk/product/wirinef-nose-lift-up-essential-oil-in-pakistan,wirinef-nose-lift-up-essential-oil-in-pakistan,true,true,true,true,true,
https://cartly.com.pk/product/tomi-brown-business-class-dial-watch-in-pakistan,tomi-brown-business-class-dial-watch-in-pakistan,true,true,true,true,true,
https://cartly.com.pk/product/v88r-wireless-gps-tracker-in-pakistan,v88r-wireless-gps-tracker-in-pakistan,true,true,true,true,true,
https://cartly.com.pk/product/best-whitening-cleanser-in-pakistan,best-whitening-cleanser-in-pakistan,true,true,true,true,true,
https://cartly.com.pk/product/mineral-clarifying-mask-price-in-pakistan,mineral-clarifying-mask-price-in-pakistan,true,true,true,true,true,
https://cartly.com.pk/product/elmore-elixir-anti-aging-serum-in-pakistan,elmore-elixir-anti-aging-serum-in-pakistan,true,true,true,true,true,
https://cartly.com.pk/product/bioaqua-peach-glowing-hand-cream-in-pakistan,bioaqua-peach-glowing-hand-cream-in-pakistan,true,true,true,true,true,
https://cartly.com.pk/product/spf-50-mineral-sunscreen-30ml-in-pakistan,spf-50-mineral-sunscreen-30ml-in-pakistan,true,true,true,true,true,
https://cartly.com.pk/product/buy-eva-naturals-brightening-face-serum-online,buy-eva-naturals-brightening-face-serum-online,true,true,true,true,true,
https://cartly.com.pk/product/lumexa-advanced-brightening-serum-20ml-in-pakistan,lumexa-advanced-brightening-serum-20ml-in-pakistan,true,true,true,true,true,
https://cartly.com.pk/product/buy-anti-aging-turmeric-essential-oil-in-pakistan,buy-anti-aging-turmeric-essential-oil-in-pakistan,true,true,true,true,true,
https://cartly.com.pk/product/guanjing-kojic-acid-moisturizing-and-whitening-soap,guanjing-kojic-acid-moisturizing-and-whitening-soap,true,true,true,true,true,
https://cartly.com.pk/product/zozu-heart-shaped-green-gel-moisturizing-balm,zozu-heart-shaped-green-gel-moisturizing-balm,true,true,true,true,true,
https://cartly.com.pk/product/dr-rashel-aloe-vera-makeup-foundation-100ml,dr-rashel-aloe-vera-makeup-foundation-100ml,true,true,true,true,true,
https://cartly.com.pk/product/rtopr-vitamin-c-face-moisturiser-brighten-repair-skin-price,rtopr-vitamin-c-face-moisturiser-brighten-repair-skin-price,true,true,true,true,true,
https://cartly.com.pk/product/accufix-cleansing-balm-60ml-in-pakistan,accufix-cleansing-balm-60ml-in-pakistan,true,true,true,true,true,
https://cartly.com.pk/product/hydrocortisone-2-5-cream-price-in-pakistan,hydrocortisone-2-5-cream-price-in-pakistan,true,true,true,true,true,
https://cartly.com.pk/product/dapsone-gel-10g-price-in-pakistan,dapsone-gel-10g-price-in-pakistan,true,true,true,true,true,
https://cartly.com.pk/product/clearwin-plus-gel-price-in-pakistan,clearwin-plus-gel-price-in-pakistan,true,true,true,true,true,
https://cartly.com.pk/product/anu-thailam-100-original-oil-in-pakistan,anu-thailam-100-original-oil-in-pakistan,true,true,true,true,true,
https://cartly.com.pk/product/clearwin-gel-price-in-pakistan,clearwin-gel-price-in-pakistan,true,true,true,true,true,
https://cartly.com.pk/product/zinc-serum-herbal-handmade-shop-in-pakistan,zinc-serum-herbal-handmade-shop-in-pakistan,true,true,true,true,true,
https://cartly.com.pk/product/orange-mask-stick-in-pakistan-buy-now,orange-mask-stick-in-pakistan-buy-now,true,true,true,true,true,
https://cartly.com.pk/product/coffee-serum-herbal-handmade-30ml-in-pakistan,coffee-serum-herbal-handmade-30ml-in-pakistan,true,true,true,true,true,
https://cartly.com.pk/product/buy-pro-longer-oil-online-in-pakistan,buy-pro-longer-oil-online-in-pakistan,true,true,true,true,true,
https://cartly.com.pk/product/buy-deemark-herbal-hair-oil-online-in-pakistan,buy-deemark-herbal-hair-oil-online-in-pakistan,true,true,true,true,true,
https://cartly.com.pk/product/intense-growth-hair-oil-100ml-in-pakistan,intense-growth-hair-oil-100ml-in-pakistan,true,true,true,true,true,
https://cartly.com.pk/product/buy-online-smilife-keratin-shampoo-in-pakistan,buy-online-smilife-keratin-shampoo-in-pakistan,true,true,true,true,true,
https://cartly.com.pk/product/fair-and-pink-cream-best-price-in-pakistan,fair-and-pink-cream-best-price-in-pakistan,true,true,true,true,true,
https://cartly.com.pk/product/c-e-ferulic-serum-30ml-price-in-pakistan,c-e-ferulic-serum-30ml-price-in-pakistan,true,true,true,true,true,
https://cartly.com.pk/product/pixi-glow-tonic-serum-30ml-price-in-lahore,pixi-glow-tonic-serum-30ml-price-in-lahore,true,true,true,true,true,
https://cartly.com.pk/product/buy-lanthome-rosehip-oil-online-in-pakistan,buy-lanthome-rosehip-oil-online-in-pakistan,true,true,true,true,true,
https://cartly.com.pk/product/kinimo-vitamin-c-serum-30ml-in-pakistan,kinimo-vitamin-c-serum-30ml-in-pakistan,true,true,true,true,true,
https://cartly.com.pk/product/sodsnie-face-lifting-tape-online-in-pakistan,sodsnie-face-lifting-tape-online-in-pakistan,true,true,true,true,true,
https://cartly.com.pk/product/re-alive-hair-serum-80ml-in-pakistan,re-alive-hair-serum-80ml-in-pakistan,true,true,true,true,true,
https://cartly.com.pk/product/suncoat-sunscreen-cream-in-islamabad,suncoat-sunscreen-cream-in-islamabad,true,true,true,true,true,
https://cartly.com.pk/product/caffeine-face-serum-30ml-in-pakistan,caffeine-face-serum-30ml-in-pakistan,true,true,true,true,true,
https://cartly.com.pk/product/buy-tattoo-cream-100ml-online-in-pakistan,buy-tattoo-cream-100ml-online-in-pakistan,true,true,true,true,true,
https://cartly.com.pk/product/isntree-hyaluronic-acid-aqua-gel-cream-in-karchi,isntree-hyaluronic-acid-aqua-gel-cream-in-karchi,true,true,true,true,true,
https://cartly.com.pk/product/buy-collagen-with-vitamin-c-face-serum-online-in-pakistan,buy-collagen-with-vitamin-c-face-serum-online-in-pakistan,true,true,true,true,true,
https://cartly.com.pk/product/flatone-skin-serum-20ml-in-pakistan,flatone-skin-serum-20ml-in-pakistan,true,true,true,true,true,
https://cartly.com.pk/product/meladerm-skin-fairness-cream-in-pakistan,meladerm-skin-fairness-cream-in-pakistan,true,true,true,true,true,
https://cartly.com.pk/product/drops-of-light-brightening-serum-30ml-in-pakistan,drops-of-light-brightening-serum-30ml-in-pakistan,true,true,true,true,true,
https://cartly.com.pk/product/pura-d-or-vitamin-c-serum-in-pakistan,pura-d-or-vitamin-c-serum-in-pakistan,true,true,true,true,true,
https://cartly.com.pk/product/la-roche-posay-retinol-b3-serum-30ml-in-pakistan,la-roche-posay-retinol-b3-serum-30ml-in-pakistan,true,true,true,true,true,
https://cartly.com.pk/product/la-roche-posay-pure-vitamin-c10-serum-in-pakistan,la-roche-posay-pure-vitamin-c10-serum-in-pakistan,true,true,true,true,true,
https://cartly.com.pk/product/roushun-snail-white-cream-in-pakistan-online,roushun-snail-white-cream-in-pakistan-online,true,true,true,true,true,
https://cartly.com.pk/product/magic-moon-24k-gold-whitening-cream-in-lahore,magic-moon-24k-gold-whitening-cream-in-lahore,true,true,true,true,true,
https://cartly.com.pk/product/buy-hair-color-gel-online-in-pakistan,buy-hair-color-gel-online-in-pakistan,true,true,true,true,true,
https://cartly.com.pk/product/biotique-cream-oily-skin-price-in-pakistan,biotique-cream-oily-skin-price-in-pakistan,true,true,true,true,true,
https://cartly.com.pk/product/perfjohn-breast-enlargement-lifting-bust-cream,perfjohn-breast-enlargement-lifting-bust-cream,true,true,true,true,true,
https://cartly.com.pk/product/buy-charcole-toothpaste-online-in-pakistan,buy-charcole-toothpaste-online-in-pakistan,true,true,true,true,true,
https://cartly.com.pk/product/aichun-beauty-underarm-private-parts-glowing-skin,aichun-beauty-underarm-private-parts-glowing-skin,true,true,true,true,true,
https://cartly.com.pk/product/sadoer-breast-cream-in-pakistan,sadoer-breast-cream-in-pakistan,true,true,true,true,true,
https://cartly.com.pk/product/denon-hair-shampoo-price-in-pakistan,denon-hair-shampoo-price-in-pakistan,true,true,true,true,true,
https://cartly.com.pk/product/rtopr-hair-growth-oil-in-pakistan,rtopr-hair-growth-oil-in-pakistan,true,true,true,true,true,
https://cartly.com.pk/product/rtopr-mango-breast-cream-in-pakistan,rtopr-mango-breast-cream-in-pakistan,true,true,true,true,true,
https://cartly.com.pk/product/aichun-beauty-7-days-ginger-hair-oil-price-in-pakistan,aichun-beauty-7-days-ginger-hair-oil-price-in-pakistan,true,true,true,true,true,
https://cartly.com.pk/product/face-body-cleansing-scrubing-gel-100-ml-in-lahore,face-body-cleansing-scrubing-gel-100-ml-in-lahore,true,true,true,true,true,
https://cartly.com.pk/product/sadoer-slimming-shaping-cream-in-pakistan,sadoer-slimming-shaping-cream-in-pakistan,true,true,true,true,true,
https://cartly.com.pk/product/aichun-beauty-eight-pack-slimming-cream,aichun-beauty-eight-pack-slimming-cream,true,true,true,true,true,
https://cartly.com.pk/product/isme-shape-firming-herbal-cream-in-pakistan,isme-shape-firming-herbal-cream-in-pakistan,true,true,true,true,true,
https://cartly.com.pk/product/buy-slim-fast-drops-online-in-pakistan,buy-slim-fast-drops-online-in-pakistan,true,true,true,true,true,
https://cartly.com.pk/product/holy-basil-breast-enlargement-oil-in-pakistan,holy-basil-breast-enlargement-oil-in-pakistan,true,true,true,true,true,
https://cartly.com.pk/product/dr-james-7-days-slimming-anti-cellulite-gel-in-pakistan,dr-james-7-days-slimming-anti-cellulite-gel-in-pakistan,true,true,true,true,true,
https://cartly.com.pk/product/ava-breast-firming-beauty-cream-in-pakistan,ava-breast-firming-beauty-cream-in-pakistan,true,true,true,true,true,
https://cartly.com.pk/product/buy-hip-lift-up-cream-in-pakistan,buy-hip-lift-up-cream-in-pakistan,true,true,true,true,true,
https://cartly.com.pk/product/guanjing-slimming-body-cream-80g-in-pakistan,guanjing-slimming-body-cream-80g-in-pakistan,true,true,true,true,true,
https://cartly.com.pk/product/rtopr-mango-moisturizing-liquid-serum-10ml,rtopr-mango-moisturizing-liquid-serum-10ml,true,true,true,true,true,
https://cartly.com.pk/product/sauna-belt-price-in-pakistan,sauna-belt-price-in-pakistan,true,true,true,true,true,
https://cartly.com.pk/product/buy-matico-weight-loss-oil-online-in-pakistan,buy-matico-weight-loss-oil-online-in-pakistan,true,true,true,true,true,
https://cartly.com.pk/product/grinbizz-slim-fit-oil-spray-in-pakistan,grinbizz-slim-fit-oil-spray-in-pakistan,true,true,true,true,true,
https://cartly.com.pk/product/green-tea-gold-in-pakistan,green-tea-gold-in-pakistan,true,true,true,true,true,
https://cartly.com.pk/product/hair-growth-serum-in-pakistan,hair-growth-serum-in-pakistan,true,true,true,true,true,
https://cartly.com.pk/product/black-seed-oil-in-pakistan,black-seed-oil-in-pakistan,true,true,true,true,true,
https://cartly.com.pk/product/hydroquinone-tretinoin-price-in-pakistan,hydroquinone-tretinoin-price-in-pakistan,true,true,true,true,true,
https://cartly.com.pk/product/emolene-cream-in-pakistan,emolene-cream-in-pakistan,true,true,true,true,true,
https://cartly.com.pk/product/cicaplast-balm-b5-for-dry-skin-irritations-in-pakistan,cicaplast-balm-b5-for-dry-skin-irritations-in-pakistan,true,true,true,true,true,
https://cartly.com.pk/product/benzac-ac-2-5-gel-price-in-lahore,benzac-ac-2-5-gel-price-in-lahore,true,true,true,true,true,
https://cartly.com.pk/product/Setrabet Cream 15gm Price in Pakistan,Setrabet Cream 15gm Price in Pakistan,true,true,true,true,true,
https://cartly.com.pk/product/valbet-skin-cream-20gm-in-pakistan,valbet-skin-cream-20gm-in-pakistan,true,true,true,true,true,
https://cartly.com.pk/product/white-tone-night-cream-price-in-pakistan,white-tone-night-cream-price-in-pakistan,true,true,true,true,true,
https://cartly.com.pk/product/b3-niacinamide-serum-price-in-pakistan,b3-niacinamide-serum-price-in-pakistan,true,true,true,true,true,
https://cartly.com.pk/product/benoquin-60-monobenzone-cream,benoquin-60-monobenzone-cream,true,true,true,true,true,
https://cartly.com.pk/product/monoquin-plus-monobenzone-soap-in-pakistan,monoquin-plus-monobenzone-soap-in-pakistan,true,true,true,true,true,
https://cartly.com.pk/product/monoquin-lotion-40-60-80-price-in-pakistan,monoquin-lotion-40-60-80-price-in-pakistan,true,true,true,true,true,
https://cartly.com.pk/product/monoquin-20-skin-lightening-cream,monoquin-20-skin-lightening-cream,true,true,true,true,true,
https://cartly.com.pk/product/caboki-online-in-pakistan,caboki-online-in-pakistan,true,true,true,true,true,
https://cartly.com.pk/product/la-tourangelle-hair-oil-walnut-oil-roasted,la-tourangelle-hair-oil-walnut-oil-roasted,true,true,true,true,true,
https://cartly.com.pk/product/rosemary-mint-scalp-hair-strengthening-oil,rosemary-mint-scalp-hair-strengthening-oil,true,true,true,true,true,
https://cartly.com.pk/product/elio-nogrey-anti-grey-iotion-in-islamabad,elio-nogrey-anti-grey-iotion-in-islamabad,true,true,true,true,true,
https://cartly.com.pk/product/lanthome-hair-growth-oil-in-pakistan,lanthome-hair-growth-oil-in-pakistan,true,true,true,true,true,
https://cartly.com.pk/product/rogaine-online-in-pakistan,rogaine-online-in-pakistan,true,true,true,true,true,
https://cartly.com.pk/product/vintage-t9-hair-trimmer-in-pakistan,vintage-t9-hair-trimmer-in-pakistan,true,true,true,true,true,
https://cartly.com.pk/product/yoni-oil-in-pakistan,yoni-oil-in-pakistan,true,true,true,true,true,
https://cartly.com.pk/product/balry-mild-cleansing-gel-150ml-in-pakistan,balry-mild-cleansing-gel-150ml-in-pakistan,true,true,true,true,true,
https://cartly.com.pk/product/mokeru-shampoo-price-in-pakistan,mokeru-shampoo-price-in-pakistan,true,true,true,true,true,
https://cartly.com.pk/product/emla-cream-5g-online-in-pakistan,emla-cream-5g-online-in-pakistan,true,true,true,true,true,
https://cartly.com.pk/product/whitening-glow-face-serum-30ml-in-pakistan,whitening-glow-face-serum-30ml-in-pakistan,true,true,true,true,true,
https://cartly.com.pk/product/vitamin-b3-with-tea-tree-oil-serum-price-in-pakistan,vitamin-b3-with-tea-tree-oil-serum-price-in-pakistan,true,true,true,true,true,
https://cartly.com.pk/product/vitamin-c-serum-herbal-handmade-in-pakistan,vitamin-c-serum-herbal-handmade-in-pakistan,true,true,true,true,true,
https://cartly.com.pk/product/green-tea-face-serum-price-in-pakistan,green-tea-face-serum-price-in-pakistan,true,true,true,true,true,
https://cartly.com.pk/product/collagen-peptide-b5-serum-in-pakistan,collagen-peptide-b5-serum-in-pakistan,true,true,true,true,true,
https://cartly.com.pk/product/pixi-glow-tonic-serum-price-in-pakistan,pixi-glow-tonic-serum-price-in-pakistan,true,true,true,true,true,
https://cartly.com.pk/product/skin-tags-removal-cream-15g-in-pakistan,skin-tags-removal-cream-15g-in-pakistan,true,true,true,true,true,
https://cartly.com.pk/product/skincell-pro-in-pakistan,skincell-pro-in-pakistan,true,true,true,true,true,
https://cartly.com.pk/product/age-control-face-serum-in-pakistan,age-control-face-serum-in-pakistan,true,true,true,true,true,
https://cartly.com.pk/product/slim-up-slimming-cream-price-in-pakistan,slim-up-slimming-cream-price-in-pakistan,true,true,true,true,true,
https://cartly.com.pk/product/damiana-plus-oil-price-in-lahore,damiana-plus-oil-price-in-lahore,true,true,true,true,true,
https://cartly.com.pk/product/ultra-burn-drops-30ml-in-pakistan,ultra-burn-drops-30ml-in-pakistan,true,true,true,true,true,
https://cartly.com.pk/product/keto-burn-diet-drops-price-in-pakistan,keto-burn-diet-drops-price-in-pakistan,true,true,true,true,true,
https://cartly.com.pk/product/nutris-widon-tablets-online-in-pakistan,nutris-widon-tablets-online-in-pakistan,true,true,true,true,true,
https://cartly.com.pk/product/attvanse-70mg-price-in-pakistan,attvanse-70mg-price-in-pakistan,true,true,true,true,true,
https://cartly.com.pk/product/rave-hawaiian-punch-7oh-tablets-in-pakistan,rave-hawaiian-punch-7oh-tablets-in-pakistan,true,true,true,true,true,
https://cartly.com.pk/product/ampheni-10mg-30-tablets-in-pakistan,ampheni-10mg-30-tablets-in-pakistan,true,true,true,true,true,
https://cartly.com.pk/product/practisa-10mg-tablets-in-pakistan,practisa-10mg-tablets-in-pakistan,true,true,true,true,true,
https://cartly.com.pk/product/abiraterone-xbira-tablets-in-pakistan,abiraterone-xbira-tablets-in-pakistan,true,true,true,true,true,
https://cartly.com.pk/product/buy-ucholine-100-tablets-in-pakistan,buy-ucholine-100-tablets-in-pakistan,true,true,true,true,true,
https://cartly.com.pk/product/nordic-naturals-vitamin-e-complex-price-in-pakistan,nordic-naturals-vitamin-e-complex-price-in-pakistan,true,true,true,true,true,
https://cartly.com.pk/product/dostinex-price-in-pakistan,dostinex-price-in-pakistan,true,true,true,true,true,
https://cartly.com.pk/product/focalin-xr-tablets-in-pakistan,focalin-xr-tablets-in-pakistan,true,true,true,true,true,
https://cartly.com.pk/product/berberine-glucose-support-softgels-in-pakistan,berberine-glucose-support-softgels-in-pakistan,true,true,true,true,true,
https://cartly.com.pk/product/tessalon-perles-in-pakistan,tessalon-perles-in-pakistan,true,true,true,true,true,
https://cartly.com.pk/product/catapres-100-tablets-in-pakistan,catapres-100-tablets-in-pakistan,true,true,true,true,true,
https://cartly.com.pk/product/catapres-0-1-mg-in-pakistan,catapres-0-1-mg-in-pakistan,true,true,true,true,true,
https://cartly.com.pk/product/guanfacine-tablets-in-pakistan,guanfacine-tablets-in-pakistan,true,true,true,true,true,
https://cartly.com.pk/product/buy-ritalin-10mg-tablets-online-in-pakistan,buy-ritalin-10mg-tablets-online-in-pakistan,true,true,true,true,true,
https://cartly.com.pk/product/vigrx-plus-tablet-price-in-pakistan,vigrx-plus-tablet-price-in-pakistan,true,true,true,true,true,
https://cartly.com.pk/product/wenick-capsule-for-men-price-in-pakistan,wenick-capsule-for-men-price-in-pakistan,true,true,true,true,true,
https://cartly.com.pk/product/buy-clonidine-tablets-online-in-pakistan,buy-clonidine-tablets-online-in-pakistan,true,true,true,true,true,
https://cartly.com.pk/product/cytotec-200mcg-price-in-pakistan,cytotec-200mcg-price-in-pakistan,true,true,true,true,true,
https://cartly.com.pk/product/meditech-anavar-tablets-price-in-pakistan,meditech-anavar-tablets-price-in-pakistan,true,true,true,true,true,
https://cartly.com.pk/product/dianabol-500-tablets-for-sale-in-pakistan,dianabol-500-tablets-for-sale-in-pakistan,true,true,true,true,true,
https://cartly.com.pk/product/dronabinol-tablets-in-islamabad,dronabinol-tablets-in-islamabad,true,true,true,true,true,
https://cartly.com.pk/product/clonazepam-2mg-rivotril-online-in-pakistan,clonazepam-2mg-rivotril-online-in-pakistan,true,true,true,true,true,
https://cartly.com.pk/product/buy-f15-vanilla-online-in-pakistan,buy-f15-vanilla-online-in-pakistan,true,true,true,true,true,
https://cartly.com.pk/product/sweet-peach-good-girl-gummies-for-sale-in-pakistan,sweet-peach-good-girl-gummies-for-sale-in-pakistan,true,true,true,true,true,
https://cartly.com.pk/product/viagra-same-day-delivery-in-lahore,viagra-same-day-delivery-in-lahore,true,true,true,true,true,
https://cartly.com.pk/product/femara-tablet-2-5-mg-in-pakistan,femara-tablet-2-5-mg-in-pakistan,true,true,true,true,true,
https://cartly.com.pk/product/ritalin-adult-tablets-40-mg-price-in-pakistan,ritalin-adult-tablets-40-mg-price-in-pakistan,true,true,true,true,true,
https://cartly.com.pk/product/oxycodone-tablets-price-in-pakistan,oxycodone-tablets-price-in-pakistan,true,true,true,true,true,
https://cartly.com.pk/product/oxycontin-tablets-40-mg-in-pakistan,oxycontin-tablets-40-mg-in-pakistan,true,true,true,true,true,
https://cartly.com.pk/product/acetaminophen-tablets-in-price-pakistan,acetaminophen-tablets-in-price-pakistan,true,true,true,true,true,
https://cartly.com.pk/product/lisdexamfetamine-tablets-in-pakistan,lisdexamfetamine-tablets-in-pakistan,true,true,true,true,true,
https://cartly.com.pk/product/stendra-tablets-100mg-in-pakistan,stendra-tablets-100mg-in-pakistan,true,true,true,true,true,
https://cartly.com.pk/product/ventoxen-100mg-tablets-in-pakistan,ventoxen-100mg-tablets-in-pakistan,true,true,true,true,true,
https://cartly.com.pk/product/blue-raspberry-cbd-vape-juice-500-2000mg-in-lahore,blue-raspberry-cbd-vape-juice-500-2000mg-in-lahore,true,true,true,true,true,
https://cartly.com.pk/product/og-kush-cbd-terpenes-1000mg-vape-juice-in-pakistan,og-kush-cbd-terpenes-1000mg-vape-juice-in-pakistan,true,true,true,true,true,
https://cartly.com.pk/product/delta-9-thc-tropical-vape-juice-price-in-pakistan,delta-9-thc-tropical-vape-juice-price-in-pakistan,true,true,true,true,true,
https://cartly.com.pk/product/9-thc-gummies-gorilla-glue-4-price-in-pakistan,9-thc-gummies-gorilla-glue-4-price-in-pakistan,true,true,true,true,true,
https://cartly.com.pk/product/glock-9-thc-a-blend-rainbow-candy-sativa-in-islamabad,glock-9-thc-a-blend-rainbow-candy-sativa-in-islamabad,true,true,true,true,true,
https://cartly.com.pk/product/cali-extrax-level-up-disposable-vape-5g-price,cali-extrax-level-up-disposable-vape-5g-price,true,true,true,true,true,
https://cartly.com.pk/product/lost-thc-v3-thca-live-concentrate-disposable-7-5g,lost-thc-v3-thca-live-concentrate-disposable-7-5g,true,true,true,true,true,
https://cartly.com.pk/product/lost-thc-v2-cb9a-disposable-rainbow-edition-in-pakistan,lost-thc-v2-cb9a-disposable-rainbow-edition-in-pakistan,true,true,true,true,true,
https://cartly.com.pk/product/maui-wowie-sativa-delta-9-thc-vape-juice-in-lahore,maui-wowie-sativa-delta-9-thc-vape-juice-in-lahore,true,true,true,true,true,
https://cartly.com.pk/product/stanozolol-tablets-price-in-pakistan,stanozolol-tablets-price-in-pakistan,true,true,true,true,true,
https://cartly.com.pk/product/r-r-medicinal-gummy-rings-in-pakistan,r-r-medicinal-gummy-rings-in-pakistan,true,true,true,true,true,
https://cartly.com.pk/product/dapsone-1000-tablet-price-in-pakistan,dapsone-1000-tablet-price-in-pakistan,true,true,true,true,true,
https://cartly.com.pk/product/jumbo-timing-capsule-price-in-pakistan,jumbo-timing-capsule-price-in-pakistan,true,true,true,true,true,
https://cartly.com.pk/product/xanax-1mg-tablet-30-in-pakistan,xanax-1mg-tablet-30-in-pakistan,true,true,true,true,true,
https://cartly.com.pk/product/xanax-0-5mg-tablet-price-in-pakistan,xanax-0-5mg-tablet-price-in-pakistan,true,true,true,true,true,
https://cartly.com.pk/product/velso-tablets-in-pakistan,velso-tablets-in-pakistan,true,true,true,true,true,
https://cartly.com.pk/product/velpaget-400-100mg-in-pakistan,velpaget-400-100mg-in-pakistan,true,true,true,true,true,
https://cartly.com.pk/product/varenicline-1mg-tablets-in-pakistan,varenicline-1mg-tablets-in-pakistan,true,true,true,true,true,
https://cartly.com.pk/product/soranib-tablets-in-pakistan,soranib-tablets-in-pakistan,true,true,true,true,true,
https://cartly.com.pk/product/kreon-10000-iu-capsules-in-pakistan,kreon-10000-iu-capsules-in-pakistan,true,true,true,true,true,
https://cartly.com.pk/product/diovan-tablets-160mg-in-pakistan,diovan-tablets-160mg-in-pakistan,true,true,true,true,true,
https://cartly.com.pk/product/elf-cbd-vape-price-in-islamabad,elf-cbd-vape-price-in-islamabad,true,true,true,true,true,
https://cartly.com.pk/product/deemark-shakti-prash-in-pakistan,deemark-shakti-prash-in-pakistan,true,true,true,true,true,
https://cartly.com.pk/product/modafinil-tablets-200mg-in-pakistan,modafinil-tablets-200mg-in-pakistan,true,true,true,true,true,
https://cartly.com.pk/product/vega-power-capsules-price-in-pakistan,vega-power-capsules-price-in-pakistan,true,true,true,true,true,
https://cartly.com.pk/product/buy-silicone-condom-online-in-pakistan,buy-silicone-condom-online-in-pakistan,true,true,true,true,true,
https://cartly.com.pk/product/dragon-silicone-condom-6-inch-in-pakistan,dragon-silicone-condom-6-inch-in-pakistan,true,true,true,true,true,
https://cartly.com.pk/product/japan-tengsu-tablets-in-pakistan,japan-tengsu-tablets-in-pakistan,true,true,true,true,true,
https://cartly.com.pk/product/gold-viagra-9800mg-tablets-in-pakistan,gold-viagra-9800mg-tablets-in-pakistan,true,true,true,true,true,
https://cartly.com.pk/product/vigo-night-extra-delay-cream-price-in-pakistan,vigo-night-extra-delay-cream-price-in-pakistan,true,true,true,true,true,
https://cartly.com.pk/product/eros-long-time-delay-cream-in-pakistan,eros-long-time-delay-cream-in-pakistan,true,true,true,true,true,
https://cartly.com.pk/product/cialis-2-5mg-tablets-price-in-pakistan,cialis-2-5mg-tablets-price-in-pakistan,true,true,true,true,true,
https://cartly.com.pk/product/black-cobra-tablets-in-lahore,black-cobra-tablets-in-lahore,true,true,true,true,true,
https://cartly.com.pk/product/jumbo-jet-long-time-cream-in-pakistan,jumbo-jet-long-time-cream-in-pakistan,true,true,true,true,true,
https://cartly.com.pk/product/levitra-pack-of-4-tablets-in-pakistan,levitra-pack-of-4-tablets-in-pakistan,true,true,true,true,true,
https://cartly.com.pk/product/viagra-tablets-100mg-in-islamabad,viagra-tablets-100mg-in-islamabad,true,true,true,true,true,
https://cartly.com.pk/product/everlong-tablets-in-pakistan,everlong-tablets-in-pakistan,true,true,true,true,true,
https://cartly.com.pk/product/super-viga-480000-spray-in-pakistan,super-viga-480000-spray-in-pakistan,true,true,true,true,true,
https://cartly.com.pk/product/golden-bullet-tablet-price-in-pakistan,golden-bullet-tablet-price-in-pakistan,true,true,true,true,true,
https://cartly.com.pk/product/viagra-gold-candy-in-pakistan,viagra-gold-candy-in-pakistan,true,true,true,true,true,
https://cartly.com.pk/product/arya-tadalafil-5mg-price-in-pakistan,arya-tadalafil-5mg-price-in-pakistan,true,true,true,true,true,
https://cartly.com.pk/product/redex-5-mg-tablets-price-in-pakistan,redex-5-mg-tablets-price-in-pakistan,true,true,true,true,true,
https://cartly.com.pk/product/xtra-long-60mg-tablets-price-in-pakistan,xtra-long-60mg-tablets-price-in-pakistan,true,true,true,true,true,
https://cartly.com.pk/product/adcirca-20mg-in-pakistan,adcirca-20mg-in-pakistan,true,true,true,true,true,
https://cartly.com.pk/product/lilly-cialis-20mg-online-in-pakistan,lilly-cialis-20mg-online-in-pakistan,true,true,true,true,true,
https://cartly.com.pk/product/super-viga-240000-spray-in-pakistan,super-viga-240000-spray-in-pakistan,true,true,true,true,true,
https://cartly.com.pk/product/super-viga-100000-spray-in-pakistan,super-viga-100000-spray-in-pakistan,true,true,true,true,true,
https://cartly.com.pk/product/mm3-cream-daraz-in-pakistan,mm3-cream-daraz-in-pakistan,true,true,true,true,true,
https://cartly.com.pk/product/indian-black-cobra-tablets-in-pakistan,indian-black-cobra-tablets-in-pakistan,true,true,true,true,true,
https://cartly.com.pk/product/original-cialis-tablet-in-pakistan,original-cialis-tablet-in-pakistan,true,true,true,true,true,
https://cartly.com.pk/product/viga-150000-spray-online-in-pakistan,viga-150000-spray-online-in-pakistan,true,true,true,true,true,
https://cartly.com.pk/product/ultra-male-performance-tablets-in-pakistan,ultra-male-performance-tablets-in-pakistan,true,true,true,true,true,
https://cartly.com.pk/product/king-power-tablets-price-in-pakistan,king-power-tablets-price-in-pakistan,true,true,true,true,true,
https://cartly.com.pk/product/rhyno-capsules-price-in-pakistan,rhyno-capsules-price-in-pakistan,true,true,true,true,true,
https://cartly.com.pk/product/super-viga-990000-spray-in-pakistan,super-viga-990000-spray-in-pakistan,true,true,true,true,true,
https://cartly.com.pk/product/maxman-delay-spray-price-in-pakistan,maxman-delay-spray-price-in-pakistan,true,true,true,true,true,
https://cartly.com.pk/product/black-cobra-200mg-tablets-in-lahore,black-cobra-200mg-tablets-in-lahore,true,true,true,true,true,
https://cartly.com.pk/product/efamole-sildenafil-dapoxetine-in-pakistan,efamole-sildenafil-dapoxetine-in-pakistan,true,true,true,true,true,
https://cartly.com.pk/product/knight-rider-timing-cream-in-pakistan,knight-rider-timing-cream-in-pakistan,true,true,true,true,true,
https://cartly.com.pk/product/long-drive-dapoxetine-price-in-pakistan,long-drive-dapoxetine-price-in-pakistan,true,true,true,true,true,
https://cartly.com.pk/product/dapox-60mg-tablets-in-pakistan,dapox-60mg-tablets-in-pakistan,true,true,true,true,true,
https://cartly.com.pk/product/ultimate-forza-male-supplement-gnc-price-in-pakistan,ultimate-forza-male-supplement-gnc-price-in-pakistan,true,true,true,true,true,
https://cartly.com.pk/product/hilvel-capuels-online-in-pakistan,hilvel-capuels-online-in-pakistan,true,true,true,true,true,
https://cartly.com.pk/product/ibutamoren-mk-677-online-in-pakistan,ibutamoren-mk-677-online-in-pakistan,true,true,true,true,true,
https://cartly.com.pk/product/mk-677-capsules-online-in-pakistan,mk-677-capsules-online-in-pakistan,true,true,true,true,true,
https://cartly.com.pk/product/dragon-condom-price-in-pakistan,dragon-condom-price-in-pakistan,true,true,true,true,true,
https://cartly.com.pk/product/addyi-tablets-in-pakistan,addyi-tablets-in-pakistan,true,true,true,true,true,
https://cartly.com.pk/product/vfitting-vagina-spray-in-pakistan,vfitting-vagina-spray-in-pakistan,true,true,true,true,true,
https://cartly.com.pk/product/spanish-gold-fly-sex-drops-online-in-pakistan,spanish-gold-fly-sex-drops-online-in-pakistan,true,true,true,true,true,
https://cartly.com.pk/product/automatic-electric-penis-pump-price-in-pakistan,automatic-electric-penis-pump-price-in-pakistan,true,true,true,true,true,
https://cartly.com.pk/product/montalin-capsules-price-in-pakistan,montalin-capsules-price-in-pakistan,true,true,true,true,true,
https://cartly.com.pk/product/elf-thc-oil-vpr3000-salts-30ml-in-pakistan,elf-thc-oil-vpr3000-salts-30ml-in-pakistan,true,true,true,true,true,
https://cartly.com.pk/product/all-in-one-thc-pens-price-in-pakistan,all-in-one-thc-pens-price-in-pakistan,true,true,true,true,true,
https://cartly.com.pk/product/5g-thca-liquid-diamond-live-resin-disposable-price,5g-thca-liquid-diamond-live-resin-disposable-price,true,true,true,true,true,
https://cartly.com.pk/product/blue-raspberry-cbd-vape-pen-500mg-in-pakistan,blue-raspberry-cbd-vape-pen-500mg-in-pakistan,true,true,true,true,true,
https://cartly.com.pk/product/body-buildo-capsules-price-in-pakistan,body-buildo-capsules-price-in-pakistan,true,true,true,true,true,
https://cartly.com.pk/product/body-buildo-course-online-in-pakistan,body-buildo-course-online-in-pakistan,true,true,true,true,true,
https://cartly.com.pk/product/bottle-tree-thca-gummies-300mg-price-in-pakistan,bottle-tree-thca-gummies-300mg-price-in-pakistan,true,true,true,true,true,
https://cartly.com.pk/product/weed-flavour-vape-liquid-in-pakistan,weed-flavour-vape-liquid-in-pakistan,true,true,true,true,true,
https://cartly.com.pk/product/damdaar-oil-in-pakistan,damdaar-oil-in-pakistan,true,true,true,true,true,
https://cartly.com.pk/product/vip-vital-honey-in-pakistan,vip-vital-honey-in-pakistan,true,true,true,true,true,
https://cartly.com.pk/product/epimedium-macun-price-in-pakistan,epimedium-macun-price-in-pakistan,true,true,true,true,true,
https://cartly.com.pk/product/intact-dp-extra-tablets-in-pakistan,intact-dp-extra-tablets-in-pakistan,true,true,true,true,true,
https://cartly.com.pk/product/abortion-kit-buy-now-in-pakistan,abortion-kit-buy-now-in-pakistan,true,true,true,true,true,
https://cartly.com.pk/product/tadalafil-oral-strips-tablets-in-pakistan,tadalafil-oral-strips-tablets-in-pakistan,true,true,true,true,true,
https://cartly.com.pk/product/andropenis-pro-extender-for-penis-in-pakistan,andropenis-pro-extender-for-penis-in-pakistan,true,true,true,true,true,
https://cartly.com.pk/product/dapsone-1000-tablets-in-pakistan,dapsone-1000-tablets-in-pakistan,true,true,true,true,true,
https://cartly.com.pk/product/cbd-vape-oil-starter-kit-in-pakistan,cbd-vape-oil-starter-kit-in-pakistan,true,true,true,true,true,
https://cartly.com.pk/product/elf-thc-premium-thca-flower-3g-in-pakistan,elf-thc-premium-thca-flower-3g-in-pakistan,true,true,true,true,true,
https://cartly.com.pk/product/teva-adderall-ir-price-in-pakistan,teva-adderall-ir-price-in-pakistan,true,true,true,true,true,
https://cartly.com.pk/product/methril-tablets-in-pakistan,methril-tablets-in-pakistan,true,true,true,true,true,
https://cartly.com.pk/product/methadone-tablet-in-pakistan,methadone-tablet-in-pakistan,true,true,true,true,true,
https://cartly.com.pk/product/artige-tablets-online-in-pakistan,artige-tablets-online-in-pakistan,true,true,true,true,true,
https://cartly.com.pk/product/dexedrine-10mg-tablets-in-pakistan,dexedrine-10mg-tablets-in-pakistan,true,true,true,true,true,
https://cartly.com.pk/product/dowvigil-20-tablet-alternative-in-pakistan,dowvigil-20-tablet-alternative-in-pakistan,true,true,true,true,true,
https://cartly.com.pk/product/6-inch-long-penis-sleeve-extender-in-pakistan,6-inch-long-penis-sleeve-extender-in-pakistan,true,true,true,true,true,
https://cartly.com.pk/product/artificial-hymen-pills-in-pakistan,artificial-hymen-pills-in-pakistan,true,true,true,true,true,
https://cartly.com.pk/product/chloroform-spray-in-pakistan,chloroform-spray-in-pakistan,true,true,true,true,true,
https://cartly.com.pk/product/lisdexamfetamine-20mg-in-pakistan,lisdexamfetamine-20mg-in-pakistan,true,true,true,true,true,
https://cartly.com.pk/product/oxycodone-100-tablets-in-pakistan,oxycodone-100-tablets-in-pakistan,true,true,true,true,true,
https://cartly.com.pk/product/oxycodone-15mg-tablets-in-pakistan,oxycodone-15mg-tablets-in-pakistan,true,true,true,true,true,
https://cartly.com.pk/product/lisdexamfetamine-price-in-pakistan,lisdexamfetamine-price-in-pakistan,true,true,true,true,true,
https://cartly.com.pk/product/vyas-70mg-tables-in-pakistan,vyas-70mg-tables-in-pakistan,true,true,true,true,true,
https://cartly.com.pk/product/glucofix-tablets-price-in-pakistan,glucofix-tablets-price-in-pakistan,true,true,true,true,true,
https://cartly.com.pk/product/glasterone-d-tablets-price-in-pakistan,glasterone-d-tablets-price-in-pakistan,true,true,true,true,true,
https://cartly.com.pk/product/nmn-resveratrol-1100mg-in-pakistan,nmn-resveratrol-1100mg-in-pakistan,true,true,true,true,true,
https://cartly.com.pk/product/anavar-tablets-in-pakistan,anavar-tablets-in-pakistan,true,true,true,true,true,
https://cartly.com.pk/product/catherine-slimming-tea-in-pakistan,catherine-slimming-tea-in-pakistan,true,true,true,true,true,
https://cartly.com.pk/product/thc-free-recover-gummies-strawberry-mango-in-pakistan,thc-free-recover-gummies-strawberry-mango-in-pakistan,true,true,true,true,true,
https://cartly.com.pk/product/sleep-cbn-gummies-thc-free-vegan-sleepy-blackberry-in-pakistan,sleep-cbn-gummies-thc-free-vegan-sleepy-blackberry-in-pakistan,true,true,true,true,true,
https://cartly.com.pk/product/9-thc-gummies-granddaddy-purple-live-resin-in-pakistan,9-thc-gummies-granddaddy-purple-live-resin-in-pakistan,true,true,true,true,true,
https://cartly.com.pk/product/9-thc-gummies-pineapple-express-strain-specific-in-pakistan,9-thc-gummies-pineapple-express-strain-specific-in-pakistan,true,true,true,true,true,
https://cartly.com.pk/product/9-thc-gummies-jack-herer-in-pakistan,9-thc-gummies-jack-herer-in-pakistan,true,true,true,true,true,
https://cartly.com.pk/product/cbd-disposable-pod-in-islamabad,cbd-disposable-pod-in-islamabad,true,true,true,true,true,
https://cartly.com.pk/product/modiwake-200mg-in-pakistan,modiwake-200mg-in-pakistan,true,true,true,true,true,
https://cartly.com.pk/product/boutiq-switch-liquid-diamonds-vape-2g-in-pakistan,boutiq-switch-liquid-diamonds-vape-2g-in-pakistan,true,true,true,true,true,
https://cartly.com.pk/product/anapolon-50mg-tablets-in-pakistan,anapolon-50mg-tablets-in-pakistan,true,true,true,true,true,
https://cartly.com.pk/product/nalorex-50mg-14-pills-online-in-pakistan,nalorex-50mg-14-pills-online-in-pakistan,true,true,true,true,true,
https://cartly.com.pk/product/ritalin-la-20mg-tablets-in-pakistan,ritalin-la-20mg-tablets-in-pakistan,true,true,true,true,true,
https://cartly.com.pk/product/selcaxen-40mg-price-in-pakistan,selcaxen-40mg-price-in-pakistan,true,true,true,true,true,
https://cartly.com.pk/product/sour-gummies-bears-thc-in-pakistan,sour-gummies-bears-thc-in-pakistan,true,true,true,true,true,
https://cartly.com.pk/product/m-methylphen-10mg-price-tablets-in-pakistan,m-methylphen-10mg-price-tablets-in-pakistan,true,true,true,true,true,
https://cartly.com.pk/product/weed-pens-thc-disposable-in-pakistan,weed-pens-thc-disposable-in-pakistan,true,true,true,true,true,
https://cartly.com.pk/product/fvkd-premium-disposable-vape-in-lahore,fvkd-premium-disposable-vape-in-lahore,true,true,true,true,true,
https://cartly.com.pk/product/auvelity-tablets-price-in-pakistan,auvelity-tablets-price-in-pakistan,true,true,true,true,true,
https://cartly.com.pk/product/moodrive-modafinil-tablets-in-pakistan,moodrive-modafinil-tablets-in-pakistan,true,true,true,true,true,
https://cartly.com.pk/product/modafinil-tablets-ip-price-in-pakistan,modafinil-tablets-ip-price-in-pakistan,true,true,true,true,true,
https://cartly.com.pk/product/modafinil-dowvigil-tablets-in-pakistan,modafinil-dowvigil-tablets-in-pakistan,true,true,true,true,true,
https://cartly.com.pk/product/concerta-27mg-for-child-price-in-pakistan,concerta-27mg-for-child-price-in-pakistan,true,true,true,true,true,
https://cartly.com.pk/product/desoxyn-5mg-tablets-price-in-pakistan,desoxyn-5mg-tablets-price-in-pakistan,true,true,true,true,true,
https://cartly.com.pk/product/artige-tablets-20mg-in-pakistan,artige-tablets-20mg-in-pakistan,true,true,true,true,true,
https://cartly.com.pk/product/concerta-xl-18mg-tablets-price-in-pakistan,concerta-xl-18mg-tablets-price-in-pakistan,true,true,true,true,true,
https://cartly.com.pk/product/concerta-18mg-pills-price-in-pakistan,concerta-18mg-pills-price-in-pakistan,true,true,true,true,true,
https://cartly.com.pk/product/zyprexa-10mg-tablets-in-pakistan,zyprexa-10mg-tablets-in-pakistan,true,true,true,true,true,
https://cartly.com.pk/product/tylenol-extra-strength-price-in-pakistan,tylenol-extra-strength-price-in-pakistan,true,true,true,true,true,
https://cartly.com.pk/product/lenbatinib-capsules-price-in-pakistan,lenbatinib-capsules-price-in-pakistan,true,true,true,true,true,
https://cartly.com.pk/product/palboxen-125mg-21-capsules-in-pakistan,palboxen-125mg-21-capsules-in-pakistan,true,true,true,true,true,
https://cartly.com.pk/product/marevan-5mg-tablets-online-in-pakistan,marevan-5mg-tablets-online-in-pakistan,true,true,true,true,true,
https://cartly.com.pk/product/vilazodone-viibryd-price-in-pakistan,vilazodone-viibryd-price-in-pakistan,true,true,true,true,true,
https://cartly.com.pk/product/adderall-5mg-pills-price-in-pakistan,adderall-5mg-pills-price-in-pakistan,true,true,true,true,true,
https://cartly.com.pk/product/concerta-xl-10mg-tablets-online-in-pakistan,concerta-xl-10mg-tablets-online-in-pakistan,true,true,true,true,true,
https://cartly.com.pk/product/guanfacine-er-2mg-tablets-best-in-pakistan,guanfacine-er-2mg-tablets-best-in-pakistan,true,true,true,true,true,
https://cartly.com.pk/product/clonidine-0-1mg-tablets-price-in-pakistan,clonidine-0-1mg-tablets-price-in-pakistan,true,true,true,true,true,
https://cartly.com.pk/product/silicone-reusable-condom-in-pakistan,silicone-reusable-condom-in-pakistan,true,true,true,true,true,
https://cartly.com.pk/product/xaggitin-xl-tablets-price-in-pakistan,xaggitin-xl-tablets-price-in-pakistan,true,true,true,true,true,
https://cartly.com.pk/product/man-plus-herbal-oil-price-in-pakistan,man-plus-herbal-oil-price-in-pakistan,true,true,true,true,true,
https://cartly.com.pk/product/intuniv-2mg-tablets-online-in-pakistan,intuniv-2mg-tablets-online-in-pakistan,true,true,true,true,true,
https://cartly.com.pk/product/xenidate-27mg-tablet-in-pakistan,xenidate-27mg-tablet-in-pakistan,true,true,true,true,true,
https://cartly.com.pk/product/non-stimulant-adhd-price-in-pakistan,non-stimulant-adhd-price-in-pakistan,true,true,true,true,true,
https://cartly.com.pk/product/elvanse-online-sale-in-pakistan,elvanse-online-sale-in-pakistan,true,true,true,true,true,
https://cartly.com.pk/product/himalaya-pilex-tablets-price-in-pakistan,himalaya-pilex-tablets-price-in-pakistan,true,true,true,true,true,
https://cartly.com.pk/product/toys-men-automatic-male-masturbator-price,toys-men-automatic-male-masturbator-price,true,true,true,true,true,
https://cartly.com.pk/product/bustmaxx-pills-price-in-pakistan,bustmaxx-pills-price-in-pakistan,true,true,true,true,true,
https://cartly.com.pk/product/sleep-spray-online-in-pakistan,sleep-spray-online-in-pakistan,true,true,true,true,true,
https://cartly.com.pk/product/durex-vibrating-bullet-price-in-pakistan,durex-vibrating-bullet-price-in-pakistan,true,true,true,true,true,
https://cartly.com.pk/product/right-detox-60-capsule-in-pakistan,right-detox-60-capsule-in-pakistan,true,true,true,true,true,
https://cartly.com.pk/product/king-power-pump-price-in-pakistan,king-power-pump-price-in-pakistan,true,true,true,true,true,
https://cartly.com.pk/product/mm3-sex-timing-cream-price-in-pakistan,mm3-sex-timing-cream-price-in-pakistan,true,true,true,true,true,
https://cartly.com.pk/product/cerave-blemish-control-cleanser-in-pakistan,cerave-blemish-control-cleanser-in-pakistan,true,true,true,true,true,
https://cartly.com.pk/product/silicone-rabbit-heating-vibrator-best,silicone-rabbit-heating-vibrator-best,true,true,true,true,true,
https://cartly.com.pk/product/maclusa-tablets-price-in-pakistan,maclusa-tablets-price-in-pakistan,true,true,true,true,true,
https://cartly.com.pk/product/mekinist-trametinib-tablets-in-pakistan,mekinist-trametinib-tablets-in-pakistan,true,true,true,true,true,
https://cartly.com.pk/product/elvanse-adult-hard-capsules-in-pakistan,elvanse-adult-hard-capsules-in-pakistan,true,true,true,true,true,
https://cartly.com.pk/product/madalin-10mg-shop-in-pakistan,madalin-10mg-shop-in-pakistan,true,true,true,true,true,
https://cartly.com.pk/product/viviscal-tablets-in-pakistan,viviscal-tablets-in-pakistan,true,true,true,true,true,
https://cartly.com.pk/product/valour-7-30-capsules-in-pakistan,valour-7-30-capsules-in-pakistan,true,true,true,true,true,
https://cartly.com.pk/product/xenidate-xl-prolonged-release-tablets,xenidate-xl-prolonged-release-tablets,true,true,true,true,true,
https://cartly.com.pk/product/warrior-labz-mk-677-in-pakistan,warrior-labz-mk-677-in-pakistan,true,true,true,true,true,
https://cartly.com.pk/product/modafinil-provigil-tablets-in-pakistan,modafinil-provigil-tablets-in-pakistan,true,true,true,true,true,
https://cartly.com.pk/product/rybelsus-7-mg-tablets-in-pakistan,rybelsus-7-mg-tablets-in-pakistan,true,true,true,true,true,
https://cartly.com.pk/product/mrgras-male-masturbator-penis-pump-in-pakistan,mrgras-male-masturbator-penis-pump-in-pakistan,true,true,true,true,true,
https://cartly.com.pk/product/rave-kratom-numb-gummies-in-pakistan,rave-kratom-numb-gummies-in-pakistan,true,true,true,true,true,
https://cartly.com.pk/product/muha-meds-live-resin-disposable-in-pakistan,muha-meds-live-resin-disposable-in-pakistan,true,true,true,true,true,
https://cartly.com.pk/product/3chi-delta-8-gummies-watermelon-online-in-pakistan,3chi-delta-8-gummies-watermelon-online-in-pakistan,true,true,true,true,true,
https://cartly.com.pk/product/strap-on-hollow-with-belt-in-pakistan,strap-on-hollow-with-belt-in-pakistan,true,true,true,true,true,
https://cartly.com.pk/product/500mg-thc-milk-chocolate-online-in-pakistan,500mg-thc-milk-chocolate-online-in-pakistan,true,true,true,true,true,
https://cartly.com.pk/product/coned-extra-strength-thc-milk-chocolate,coned-extra-strength-thc-milk-chocolate,true,true,true,true,true,
https://cartly.com.pk/product/durex-silicone-condom-online,durex-silicone-condom-online,true,true,true,true,true,
https://cartly.com.pk/product/thc-milk-chocolate-bundle-in-lahore,thc-milk-chocolate-bundle-in-lahore,true,true,true,true,true,
https://cartly.com.pk/product/flying-horse-orchard-medley-8-5-disposable-vape,flying-horse-orchard-medley-8-5-disposable-vape,true,true,true,true,true,
https://cartly.com.pk/product/flying-horse-3-in-1-thca-thcp-9g-disposable-vape-buy-now,flying-horse-3-in-1-thca-thcp-9g-disposable-vape-buy-now,true,true,true,true,true,
https://cartly.com.pk/product/flying-horse-2-in-1-flavors-disposable-vape-in-pakistan,flying-horse-2-in-1-flavors-disposable-vape-in-pakistan,true,true,true,true,true,
https://cartly.com.pk/product/eighty-six-brand-delta-9-disposables-in-pakistan,eighty-six-brand-delta-9-disposables-in-pakistan,true,true,true,true,true,
https://cartly.com.pk/product/sumifun-silicone-reusable-washable-condom-in-pakistan,sumifun-silicone-reusable-washable-condom-in-pakistan,true,true,true,true,true,
https://cartly.com.pk/product/crystal-washable-condom-in-islamabad,crystal-washable-condom-in-islamabad,true,true,true,true,true,
https://cartly.com.pk/product/finger-vibrators-toy-price-in-pakistan,finger-vibrators-toy-price-in-pakistan,true,true,true,true,true,
https://cartly.com.pk/product/buy-darzalex-400mg-now-in-pakistan,buy-darzalex-400mg-now-in-pakistan,true,true,true,true,true,
https://cartly.com.pk/product/alkeran-2mg-tablets-price-in-pakistan,alkeran-2mg-tablets-price-in-pakistan,true,true,true,true,true,
https://cartly.com.pk/product/delta-9-thc-vape-online-sale-in-pakistan,delta-9-thc-vape-online-sale-in-pakistan,true,true,true,true,true,
https://cartly.com.pk/product/doxorubin-injection-price-in-pakistan,doxorubin-injection-price-in-pakistan,true,true,true,true,true,
https://cartly.com.pk/product/temozolomide-capsules-price-in-pakistan,temozolomide-capsules-price-in-pakistan,true,true,true,true,true,
https://cartly.com.pk/product/buy-now-thc-vapes-in-islamabad,buy-now-thc-vapes-in-islamabad,true,true,true,true,true,
https://cartly.com.pk/product/delta-8-thc-disposable-vape-price-in-pakistan,delta-8-thc-disposable-vape-price-in-pakistan,true,true,true,true,true,
https://cartly.com.pk/product/vinolin-lorazepam-tablets-in-pakistan,vinolin-lorazepam-tablets-in-pakistan,true,true,true,true,true,
https://cartly.com.pk/product/singulair-10mg-tablets-in-pakistan,singulair-10mg-tablets-in-pakistan,true,true,true,true,true,
https://cartly.com.pk/product/xeloda-500mg-tablets-in-pakistan,xeloda-500mg-tablets-in-pakistan,true,true,true,true,true,
https://cartly.com.pk/product/tegacyl-50mg-injection-in-pakistan,tegacyl-50mg-injection-in-pakistan,true,true,true,true,true,
https://cartly.com.pk/product/ramiven-100mg-tablets-in-pakistan,ramiven-100mg-tablets-in-pakistan,true,true,true,true,true,
https://cartly.com.pk/product/thc-edibles-price-in-pakistan,thc-edibles-price-in-pakistan,true,true,true,true,true,
https://cartly.com.pk/product/qntm-disposable-pen-peach-1g-in-pakistan,qntm-disposable-pen-peach-1g-in-pakistan,true,true,true,true,true,
https://cartly.com.pk/product/ginkgo-biloba-capsules-price-in-pakistan,ginkgo-biloba-capsules-price-in-pakistan,true,true,true,true,true,
https://cartly.com.pk/product/lazarus-naturals-cbd-calm-gummies-online,lazarus-naturals-cbd-calm-gummies-online,true,true,true,true,true,
https://cartly.com.pk/product/alpha-male-plus-price-in-pakistan,alpha-male-plus-price-in-pakistan,true,true,true,true,true,
https://cartly.com.pk/product/mansize-60-capsule-in-pakistan,mansize-60-capsule-in-pakistan,true,true,true,true,true,
https://cartly.com.pk/product/provestra-30-tablets-price-in-pakistan,provestra-30-tablets-price-in-pakistan,true,true,true,true,true,
https://cartly.com.pk/product/hite-king-ayurvedic-capsules-in-pakistan,hite-king-ayurvedic-capsules-in-pakistan,true,true,true,true,true,
https://cartly.com.pk/product/king-size-60-capsule-price-in-pakistan,king-size-60-capsule-price-in-pakistan,true,true,true,true,true,
https://cartly.com.pk/product/actilyse-50mg-injection-best-in-pakistan,actilyse-50mg-injection-best-in-pakistan,true,true,true,true,true,
https://cartly.com.pk/product/durex-sensory-textured-masturbation-sleeve,durex-sensory-textured-masturbation-sleeve,true,true,true,true,true,
https://cartly.com.pk/product/actemra-400mg-20-ml-online-in-pakistan,actemra-400mg-20-ml-online-in-pakistan,true,true,true,true,true,
https://cartly.com.pk/product/rybelsus-semaglutide-14mg-in-pakistan,rybelsus-semaglutide-14mg-in-pakistan,true,true,true,true,true,
https://cartly.com.pk/product/niranib-100mg-capsules-online-in-pakistan,niranib-100mg-capsules-online-in-pakistan,true,true,true,true,true,
https://cartly.com.pk/product/plastic-lun-price-in-rawalpindi,plastic-lun-price-in-rawalpindi,true,true,true,true,true,
https://cartly.com.pk/product/fvkd-thc-exotics-vape-price-in-lahore,fvkd-thc-exotics-vape-price-in-lahore,true,true,true,true,true,
https://cartly.com.pk/product/fade-thc-disposable-3-price-in-pakistan,fade-thc-disposable-3-price-in-pakistan,true,true,true,true,true,
https://cartly.com.pk/product/elf-thc-8000-spectre-online-in-pakistan,elf-thc-8000-spectre-online-in-pakistan,true,true,true,true,true,
https://cartly.com.pk/product/cactus-labs-glock-9-in-islamabad,cactus-labs-glock-9-in-islamabad,true,true,true,true,true,
https://cartly.com.pk/product/chloroform-tablet-online-in-pakistan,chloroform-tablet-online-in-pakistan,true,true,true,true,true,
https://cartly.com.pk/product/viagra-spray-long-timing-in-pakistan,viagra-spray-long-timing-in-pakistan,true,true,true,true,true,
https://cartly.com.pk/product/cbdfx-magic-melon-gummies-price-in-pakistan,cbdfx-magic-melon-gummies-price-in-pakistan,true,true,true,true,true,
https://cartly.com.pk/product/mk-677-60-capsules-in-pakistan,mk-677-60-capsules-in-pakistan,true,true,true,true,true,
https://cartly.com.pk/product/behoshi-spray-order-in-pakistan,behoshi-spray-order-in-pakistan,true,true,true,true,true,
https://cartly.com.pk/product/cialis-5mg-tablets-in-islamabad,cialis-5mg-tablets-in-islamabad,true,true,true,true,true,
https://cartly.com.pk/product/cbd-vape-juice-juicy-watermelon-1000mg-online,cbd-vape-juice-juicy-watermelon-1000mg-online,true,true,true,true,true,
https://cartly.com.pk/product/vape-juice-blue-raspberry-in-pakistan,vape-juice-blue-raspberry-in-pakistan,true,true,true,true,true,
https://cartly.com.pk/product/cbd-vape-juice-green-apple-1000mg-in-pakistan,cbd-vape-juice-green-apple-1000mg-in-pakistan,true,true,true,true,true,
https://cartly.com.pk/product/hamer-ginseng-hme-in-pakistan,hamer-ginseng-hme-in-pakistan,true,true,true,true,true,
https://cartly.com.pk/product/silicone-flexible-condom-in-islamabad,silicone-flexible-condom-in-islamabad,true,true,true,true,true,
https://cartly.com.pk/product/tongue-condoms-in-pakistan,tongue-condoms-in-pakistan,true,true,true,true,true,
https://cartly.com.pk/product/black-cobra-same-day-delivery-in-lahore,black-cobra-same-day-delivery-in-lahore,true,true,true,true,true,
https://cartly.com.pk/product/cialis-2-5mg-5mg-tablets-in-pakistan,cialis-2-5mg-5mg-tablets-in-pakistan,true,true,true,true,true,
https://cartly.com.pk/product/vigrx-supplement-1-box-in-pakistan,vigrx-supplement-1-box-in-pakistan,true,true,true,true,true,
https://cartly.com.pk/product/thc-vape-juice-cbd-delta-9-thc-wedding-cake-hybrid,thc-vape-juice-cbd-delta-9-thc-wedding-cake-hybrid,true,true,true,true,true,
https://cartly.com.pk/product/advil-tablets-online-in-pakistan,advil-tablets-online-in-pakistan,true,true,true,true,true,
https://cartly.com.pk/product/anal-butt-plugs-price-in-pakistan,anal-butt-plugs-price-in-pakistan,true,true,true,true,true,
https://cartly.com.pk/product/real-double-dildo-online-in-pakistan,real-double-dildo-online-in-pakistan,true,true,true,true,true,
https://cartly.com.pk/product/strapon-on-didlo-order-in-pakistan,strapon-on-didlo-order-in-pakistan,true,true,true,true,true,
https://cartly.com.pk/product/guanfacine-3mg-price-tablets-in-pakistan,guanfacine-3mg-price-tablets-in-pakistan,true,true,true,true,true,
https://cartly.com.pk/product/buy-adderall-xr-25mg-best-in-pakistan,buy-adderall-xr-25mg-best-in-pakistan,true,true,true,true,true,
https://cartly.com.pk/product/lube-gel-by-josh-price-in-pakistan,lube-gel-by-josh-price-in-pakistan,true,true,true,true,true,
https://cartly.com.pk/product/fake-virginity-blood-capsule-price-in-pakistan,fake-virginity-blood-capsule-price-in-pakistan,true,true,true,true,true,
https://cartly.com.pk/product/boost-thc-disposable-3g-vape-pen-in-price-pakistan,boost-thc-disposable-3g-vape-pen-in-price-pakistan,true,true,true,true,true,
https://cartly.com.pk/product/adderall-xr-generic-order-in-pakistan,adderall-xr-generic-order-in-pakistan,true,true,true,true,true,
https://cartly.com.pk/product/xurta-30-mg-buy-now-in-pakistan,xurta-30-mg-buy-now-in-pakistan,true,true,true,true,true,
https://cartly.com.pk/product/dexedrine-xr-10mg-tablets-in-pakistan,dexedrine-xr-10mg-tablets-in-pakistan,true,true,true,true,true,
https://cartly.com.pk/product/tekaje-vyas-50mg-capsule-price-in-pakistan,tekaje-vyas-50mg-capsule-price-in-pakistan,true,true,true,true,true,
https://cartly.com.pk/product/guanfacine-er-tablets-online-in-pakistan,guanfacine-er-tablets-online-in-pakistan,true,true,true,true,true,
https://cartly.com.pk/product/vyas-30mg-capsule-in-pakistan,vyas-30mg-capsule-in-pakistan,true,true,true,true,true,
https://cartly.com.pk/product/intuniv-1mg-prolonged-release-price-in-pakistan,intuniv-1mg-prolonged-release-price-in-pakistan,true,true,true,true,true,
https://cartly.com.pk/product/handsome-up-pump-price-in-pakistan,handsome-up-pump-price-in-pakistan,true,true,true,true,true,
https://cartly.com.pk/product/largo-cream-online-in-pakistan,largo-cream-online-in-pakistan,true,true,true,true,true,
https://cartly.com.pk/product/pfizer-viagra-100mg-tablets-in-pakistan,pfizer-viagra-100mg-tablets-in-pakistan,true,true,true,true,true,
https://cartly.com.pk/product/largo-oil-30ml-in-pakistan,largo-oil-30ml-in-pakistan,true,true,true,true,true,
https://cartly.com.pk/product/zevking-8-tablets-in-pakistan,zevking-8-tablets-in-pakistan,true,true,true,true,true,
https://cartly.com.pk/product/cialis-100mg-tablets-in-pakistan,cialis-100mg-tablets-in-pakistan,true,true,true,true,true,
https://cartly.com.pk/product/cialis-4-tablets-in-pakistan,cialis-4-tablets-in-pakistan,true,true,true,true,true,
https://cartly.com.pk/product/48000-delay-tissue-price-in-pakistan,48000-delay-tissue-price-in-pakistan,true,true,true,true,true,
https://cartly.com.pk/product/menstrual-cup-for-women-in-pakistan,menstrual-cup-for-women-in-pakistan,true,true,true,true,true,
https://cartly.com.pk/product/mm3-cream-same-day-delivery-in-islamabad,mm3-cream-same-day-delivery-in-islamabad,true,true,true,true,true,
https://cartly.com.pk/product/skin-color-condom-price-in-pakistan,skin-color-condom-price-in-pakistan,true,true,true,true,true,
https://cartly.com.pk/product/breast-enlargement-pump-in-pakistan,breast-enlargement-pump-in-pakistan,true,true,true,true,true,
https://cartly.com.pk/product/thc-liquid-89mg-blue-raspberry-in-pakistan,thc-liquid-89mg-blue-raspberry-in-pakistan,true,true,true,true,true,
https://cartly.com.pk/product/thc-liquid-89mg-kiwi-strawberry-in-pakistan,thc-liquid-89mg-kiwi-strawberry-in-pakistan,true,true,true,true,true,
https://cartly.com.pk/product/serene-tree-delta10-thc-french-vanilla-vape-juice,serene-tree-delta10-thc-french-vanilla-vape-juice,true,true,true,true,true,
https://cartly.com.pk/product/xite-delta-9-thc-dark-chocolate-best-in-pakistan,xite-delta-9-thc-dark-chocolate-best-in-pakistan,true,true,true,true,true,
https://cartly.com.pk/product/aldara-cream-online-in-pakistan,aldara-cream-online-in-pakistan,true,true,true,true,true,
https://cartly.com.pk/product/plix-the-plant-fix-happy-tummy-price-in-pakistan,plix-the-plant-fix-happy-tummy-price-in-pakistan,true,true,true,true,true,
https://cartly.com.pk/product/plix-glowy-skin-tablets-price-in-pakistan,plix-glowy-skin-tablets-price-in-pakistan,true,true,true,true,true,
https://cartly.com.pk/product/pharmathc-euphoria-blend-gummies-in-islamabad,pharmathc-euphoria-blend-gummies-in-islamabad,true,true,true,true,true,
https://cartly.com.pk/product/exodus-diamond-sauce-collection-disposable-8g,exodus-diamond-sauce-collection-disposable-8g,true,true,true,true,true,
https://cartly.com.pk/product/xerostom-gel-price-in-pakistan,xerostom-gel-price-in-pakistan,true,true,true,true,true,
https://cartly.com.pk/product/oxytocin-intravenous-in-pakistan,oxytocin-intravenous-in-pakistan,true,true,true,true,true,
https://cartly.com.pk/product/Salagen 5mg Tablets in Pakistan,Salagen 5mg Tablets in Pakistan,true,true,true,true,true,
https://cartly.com.pk/product/mifepristone-200mg-tablets-in-lahore,mifepristone-200mg-tablets-in-lahore,true,true,true,true,true,
https://cartly.com.pk/product/modafinil-200mg-price-in-pakistan,modafinil-200mg-price-in-pakistan,true,true,true,true,true,
https://cartly.com.pk/product/mifepristone-10tablets-in-pakistan,mifepristone-10tablets-in-pakistan,true,true,true,true,true,
https://cartly.com.pk/product/remove-pregnancy-pills-in-pakistan,remove-pregnancy-pills-in-pakistan,true,true,true,true,true,
https://cartly.com.pk/product/louisiana-abortion-pills-online-in-pakistan,louisiana-abortion-pills-online-in-pakistan,true,true,true,true,true,
https://cartly.com.pk/product/miso-fem-4tablets-in-pakistan,miso-fem-4tablets-in-pakistan,true,true,true,true,true,
https://cartly.com.pk/product/soranib-200mg-tablet-price-in-pakistan,soranib-200mg-tablet-price-in-pakistan,true,true,true,true,true,
https://cartly.com.pk/product/soloco-delay-spray-price-in-pakistan,soloco-delay-spray-price-in-pakistan,true,true,true,true,true,
https://cartly.com.pk/product/america-superman-capsule-in-pakistan,america-superman-capsule-in-pakistan,true,true,true,true,true,
https://cartly.com.pk/product/magic-delay-cream-for-men-in-pakistan,magic-delay-cream-for-men-in-pakistan,true,true,true,true,true,
https://cartly.com.pk/product/viagra-same-day-delivery-in-islamabad,viagra-same-day-delivery-in-islamabad,true,true,true,true,true,
https://cartly.com.pk/product/ultra-v-natural-vaginal-gel-in-lahore,ultra-v-natural-vaginal-gel-in-lahore,true,true,true,true,true,
https://cartly.com.pk/product/bortezomib-3-5mg-injection-in-pakistan,bortezomib-3-5mg-injection-in-pakistan,true,true,true,true,true,
https://cartly.com.pk/product/asciminib-40-mg-tablets-price-in-pakistan,asciminib-40-mg-tablets-price-in-pakistan,true,true,true,true,true,
https://cartly.com.pk/product/vagifirm-vaginal-tightening-pills-in-pakistan,vagifirm-vaginal-tightening-pills-in-pakistan,true,true,true,true,true,
https://cartly.com.pk/product/dragon-condom-in-pakistan,dragon-condom-in-pakistan,true,true,true,true,true,
https://cartly.com.pk/product/12-singhe-delay-spray-price-in-pakistan,12-singhe-delay-spray-price-in-pakistan,true,true,true,true,true,
https://cartly.com.pk/product/methadone-40mg-tablet-in-pakistan,methadone-40mg-tablet-in-pakistan,true,true,true,true,true,
https://cartly.com.pk/product/pfizer-viagra-spray-online-in-pakistan,pfizer-viagra-spray-online-in-pakistan,true,true,true,true,true,
https://cartly.com.pk/product/lejam-male-stamina-30mg-tablets-in-pakistan,lejam-male-stamina-30mg-tablets-in-pakistan,true,true,true,true,true,
https://cartly.com.pk/product/priligy-dapoxetine-60mg-tablets-in-pakistan,priligy-dapoxetine-60mg-tablets-in-pakistan,true,true,true,true,true,
https://cartly.com.pk/product/durex-intense-vibrating-bullet-price-in-pakistan,durex-intense-vibrating-bullet-price-in-pakistan,true,true,true,true,true,
https://cartly.com.pk/product/dhuandhar-muscle-pain-oil-in-pakistan,dhuandhar-muscle-pain-oil-in-pakistan,true,true,true,true,true,
https://cartly.com.pk/product/stud-5000-delay-spray-in-pakistan,stud-5000-delay-spray-in-pakistan,true,true,true,true,true,
https://cartly.com.pk/product/viagra-tablet-online-order-in-pakistan,viagra-tablet-online-order-in-pakistan,true,true,true,true,true,
https://cartly.com.pk/product/bethanechol-25mg-tablets-in-karachi,bethanechol-25mg-tablets-in-karachi,true,true,true,true,true,
https://cartly.com.pk/product/reforco-50mg-tablets-price-in-pakistan,reforco-50mg-tablets-price-in-pakistan,true,true,true,true,true,
https://cartly.com.pk/product/eltrom-50mg-tablets-online-in-pakistan,eltrom-50mg-tablets-online-in-pakistan,true,true,true,true,true,
https://cartly.com.pk/product/organ-developer-penis-pump-online-in-pakistan,organ-developer-penis-pump-online-in-pakistan,true,true,true,true,true,
https://cartly.com.pk/product/silver-shark-delay-spray-in-pakistan,silver-shark-delay-spray-in-pakistan,true,true,true,true,true,
https://cartly.com.pk/product/spike-reusable-crystal-condom-in-lahore,spike-reusable-crystal-condom-in-lahore,true,true,true,true,true,
https://cartly.com.pk/product/uk-cialis-gold-20mg-tablets-price-in-pakistan,uk-cialis-gold-20mg-tablets-price-in-pakistan,true,true,true,true,true,
https://cartly.com.pk/product/vega-force-100mg-tablets-online-in-lahore,vega-force-100mg-tablets-online-in-lahore,true,true,true,true,true,
https://cartly.com.pk/product/vigrx-capsule-for-men-in-pakistan,vigrx-capsule-for-men-in-pakistan,true,true,true,true,true,
https://cartly.com.pk/product/nubest-grow-power-capsule-in-pakistan,nubest-grow-power-capsule-in-pakistan,true,true,true,true,true,
https://cartly.com.pk/product/9-thc-gummies-green-crack-price-in-pakistan,9-thc-gummies-green-crack-price-in-pakistan,true,true,true,true,true,
https://cartly.com.pk/product/vagina-tightening-tablets-in-pakistan,vagina-tightening-tablets-in-pakistan,true,true,true,true,true,
https://cartly.com.pk/product/half-bak-d-sumo-blend-gummies-online-in-pakistan,half-bak-d-sumo-blend-gummies-online-in-pakistan,true,true,true,true,true,
https://cartly.com.pk/product/barneys-botanicals-delta-8-thc-price-in-pakistan,barneys-botanicals-delta-8-thc-price-in-pakistan,true,true,true,true,true,
https://cartly.com.pk/product/desert-stardust-magic-mushroom-gummies-in-lahore,desert-stardust-magic-mushroom-gummies-in-lahore,true,true,true,true,true,
https://cartly.com.pk/product/vyas-50mg-online-sale-in-pakistan,vyas-50mg-online-sale-in-pakistan,true,true,true,true,true,
https://cartly.com.pk/product/attvanse-30mg-price-in-pakistan,attvanse-30mg-price-in-pakistan,true,true,true,true,true,
https://cartly.com.pk/product/lisdexamfetamine-50mg-capsule-in-pakistan,lisdexamfetamine-50mg-capsule-in-pakistan,true,true,true,true,true,
https://cartly.com.pk/product/focalin-2-5-mg-tablets-price-in-pakistan,focalin-2-5-mg-tablets-price-in-pakistan,true,true,true,true,true,
https://cartly.com.pk/product/affenid-xl-tablets-online-in-pakistan,affenid-xl-tablets-online-in-pakistan,true,true,true,true,true,
https://cartly.com.pk/product/matoride-xl-18mg-online-in-pakistan,matoride-xl-18mg-online-in-pakistan,true,true,true,true,true,
https://cartly.com.pk/product/penis-men-power-pump-price-in-pakistan,penis-men-power-pump-price-in-pakistan,true,true,true,true,true,
https://cartly.com.pk/product/diblong-ginseng-chocolate-price-in-pakistan,diblong-ginseng-chocolate-price-in-pakistan,true,true,true,true,true,
https://cartly.com.pk/product/gefitinib-tablets-250mg-price-in-pakistan,gefitinib-tablets-250mg-price-in-pakistan,true,true,true,true,true,
https://cartly.com.pk/product/goldman-tablets-price-in-pakistan,goldman-tablets-price-in-pakistan,true,true,true,true,true,
https://cartly.com.pk/product/handsome-up-pump-online-sale-in-pakistan,handsome-up-pump-online-sale-in-pakistan,true,true,true,true,true,
https://cartly.com.pk/product/lady-era-tablets-price-in-pakistan,lady-era-tablets-price-in-pakistan,true,true,true,true,true,
https://cartly.com.pk/product/sildenafil-citrate-oral-spray-price-in-pakistan,sildenafil-citrate-oral-spray-price-in-pakistan,true,true,true,true,true,
https://cartly.com.pk/product/female-viagra-drops-online-in-pakistan,female-viagra-drops-online-in-pakistan,true,true,true,true,true,
https://cartly.com.pk/product/behoshi-ka-spray-chloroform-online-in-pakistan,behoshi-ka-spray-chloroform-online-in-pakistan,true,true,true,true,true,
https://cartly.com.pk/product/tegreen-capsules-online-sale-in-pakistan,tegreen-capsules-online-sale-in-pakistan,true,true,true,true,true,
https://cartly.com.pk/product/medikinet-20mg-tablets-price-in-pakistan,medikinet-20mg-tablets-price-in-pakistan,true,true,true,true,true,
https://cartly.com.pk/product/aldara-cream-12-sachet-online-in-pakistan,aldara-cream-12-sachet-online-in-pakistan,true,true,true,true,true,
https://cartly.com.pk/product/6-to-7-inch-rubber-ka-lun-buy-now-in-pakistan,6-to-7-inch-rubber-ka-lun-buy-now-in-pakistan,true,true,true,true,true,
https://cartly.com.pk/product/sabril-500mg-100-s-tablets-price-in-pakistan,sabril-500mg-100-s-tablets-price-in-pakistan,true,true,true,true,true,
https://cartly.com.pk/product/ritalin-10mg-30-s-tablets-sale-in-pakistan,ritalin-10mg-30-s-tablets-sale-in-pakistan,true,true,true,true,true,
https://cartly.com.pk/product/sovela-400mg-tablets-online-in-pakistan,sovela-400mg-tablets-online-in-pakistan,true,true,true,true,true,
https://cartly.com.pk/product/valtrex-500mg-tablets-sale-in-pakistan,valtrex-500mg-tablets-sale-in-pakistan,true,true,true,true,true,
https://cartly.com.pk/product/hydrocortisone-tablets-online-in-pakistan,hydrocortisone-tablets-online-in-pakistan,true,true,true,true,true,
https://cartly.com.pk/product/organic-pure-undiluted-wild-greek-oregano-oil-in-lahore,organic-pure-undiluted-wild-greek-oregano-oil-in-lahore,true,true,true,true,true,
https://cartly.com.pk/product/inside-men-herbal-vitality-120-capsules-in-pakistan,inside-men-herbal-vitality-120-capsules-in-pakistan,true,true,true,true,true,
https://cartly.com.pk/product/testosteron-irani-injection-in-pakistan,testosteron-irani-injection-in-pakistan,true,true,true,true,true,
https://cartly.com.pk/product/xanax-alprazolam-tablets-in-pakistan,xanax-alprazolam-tablets-in-pakistan,true,true,true,true,true,
https://cartly.com.pk/product/penis-sleeve-olx-online-in-lahore,penis-sleeve-olx-online-in-lahore,true,true,true,true,true,
https://cartly.com.pk/product/cytotec-200mcg-tablets-in-pakistan,cytotec-200mcg-tablets-in-pakistan,true,true,true,true,true,
https://cartly.com.pk/product/african-herbal-oil-online-in-pakistan,african-herbal-oil-online-in-pakistan,true,true,true,true,true,
https://cartly.com.pk/product/tretinoin-cream-0-1-online-sale-in-lahore,tretinoin-cream-0-1-online-sale-in-lahore,true,true,true,true,true,
https://cartly.com.pk/product/elvanse-pills-30mg-in-pakistan,elvanse-pills-30mg-in-pakistan,true,true,true,true,true,
https://cartly.com.pk/product/maxman-delay-spray-best-in-pakistan,maxman-delay-spray-best-in-pakistan,true,true,true,true,true,
https://cartly.com.pk/product/excel-power-14000-spray-in-pakistan,excel-power-14000-spray-in-pakistan,true,true,true,true,true,
https://cartly.com.pk/product/new-super-viga-500000-spray-price-in-pakistan,new-super-viga-500000-spray-price-in-pakistan,true,true,true,true,true,
https://cartly.com.pk/product/super-viga-350000-spray-in-pakistan,super-viga-350000-spray-in-pakistan,true,true,true,true,true,
https://cartly.com.pk/product/vimax-delay-spray-online-in-pakistan,vimax-delay-spray-online-in-pakistan,true,true,true,true,true,
https://cartly.com.pk/product/q7-gold-macun-online-in-pakistan,q7-gold-macun-online-in-pakistan,true,true,true,true,true,
https://cartly.com.pk/product/themra-epimedyumlu-macun,themra-epimedyumlu-macun,true,true,true,true,true,
https://cartly.com.pk/product/black-horse-vital-honey-malaysia-in-pakistan,black-horse-vital-honey-malaysia-in-pakistan,true,true,true,true,true,
https://cartly.com.pk/product/bio-herbs-royal-king-honey-malaysia-in-lahore,bio-herbs-royal-king-honey-malaysia-in-lahore,true,true,true,true,true,
https://cartly.com.pk/product/electric-enlargement-pump-price-in-pakistan,electric-enlargement-pump-price-in-pakistan,true,true,true,true,true,
https://cartly.com.pk/product/potenzine-superior-tablets-in-pakistan,potenzine-superior-tablets-in-pakistan,true,true,true,true,true,
https://cartly.com.pk/product/automatic-male-masturbator-sex-toy-sale-in-pakistan,automatic-male-masturbator-sex-toy-sale-in-pakistan,true,true,true,true,true,
https://cartly.com.pk/product/methylphenidate-xl-20mg-online-in-pakistan,methylphenidate-xl-20mg-online-in-pakistan,true,true,true,true,true,
https://cartly.com.pk/product/guanfacine-1mg-mr-tablets-price-in-pakistan,guanfacine-1mg-mr-tablets-price-in-pakistan,true,true,true,true,true,
https://cartly.com.pk/product/guanfacine-4mg-tablets-price-in-pakistan,guanfacine-4mg-tablets-price-in-pakistan,true,true,true,true,true,
https://cartly.com.pk/product/attvanse-lisdexamfetamine-price-in-islamabad,attvanse-lisdexamfetamine-price-in-islamabad,true,true,true,true,true,
https://cartly.com.pk/product/lisdexamfetamine-chewable-tablets-in-pakistan,lisdexamfetamine-chewable-tablets-in-pakistan,true,true,true,true,true,
https://cartly.com.pk/product/lisdexamfetamine-10mg-in-pakistan,lisdexamfetamine-10mg-in-pakistan,true,true,true,true,true,
https://cartly.com.pk/product/lisdexamfetamine-online-sale-in-pakistan,lisdexamfetamine-online-sale-in-pakistan,true,true,true,true,true,
https://cartly.com.pk/product/black-storm-pills-price-in-pakistan,black-storm-pills-price-in-pakistan,true,true,true,true,true,
https://cartly.com.pk/product/daa-d-aspartic-acid-3000mg-sale-in-pakistan,daa-d-aspartic-acid-3000mg-sale-in-pakistan,true,true,true,true,true,
https://cartly.com.pk/product/magnesium-complex-capsules-in-pakistan,magnesium-complex-capsules-in-pakistan,true,true,true,true,true,
https://cartly.com.pk/product/slin-pills-online-sale-in-pakistan,slin-pills-online-sale-in-pakistan,true,true,true,true,true,
https://cartly.com.pk/product/bupropion-100mg-60tablets-in-pakistan,bupropion-100mg-60tablets-in-pakistan,true,true,true,true,true,
https://cartly.com.pk/product/medikinet-xl-tablets-in-pakistan,medikinet-xl-tablets-in-pakistan,true,true,true,true,true,
https://cartly.com.pk/product/atenza-xl-30tablets-in-pakistan,atenza-xl-30tablets-in-pakistan,true,true,true,true,true,
https://cartly.com.pk/product/dexedrine-20mg-pills-price-in-pakistan,dexedrine-20mg-pills-price-in-pakistan,true,true,true,true,true,
https://cartly.com.pk/product/guanfacine-2mg-mr-tablets-in-lahore,guanfacine-2mg-mr-tablets-in-lahore,true,true,true,true,true,
https://cartly.com.pk/product/duromine-phentermine-30mg-in-pakistan,duromine-phentermine-30mg-in-pakistan,true,true,true,true,true,
https://cartly.com.pk/product/natural-brown-color-washable-condom-in-pakistan,natural-brown-color-washable-condom-in-pakistan,true,true,true,true,true,
https://cartly.com.pk/product/anavar-oxandrolone-tablets-in-pakistan,anavar-oxandrolone-tablets-in-pakistan,true,true,true,true,true,
https://cartly.com.pk/product/penis-sleeve-sex-toy-sale-in-pakistan,penis-sleeve-sex-toy-sale-in-pakistan,true,true,true,true,true,
https://cartly.com.pk/product/pfizer-viagra-tablets-price-in-islamabad,pfizer-viagra-tablets-price-in-islamabad,true,true,true,true,true,
https://cartly.com.pk/product/graceful-capsules-online-in-pakistan,graceful-capsules-online-in-pakistan,true,true,true,true,true,
https://cartly.com.pk/product/titan-gel-online-in-pakistan,titan-gel-online-in-pakistan,true,true,true,true,true,
https://cartly.com.pk/product/buy-hammer-of-thor-price-in-pakistan,buy-hammer-of-thor-price-in-pakistan,true,true,true,true,true,
https://cartly.com.pk/product/chewing-gum-extra-time-for-male-and-female-in-pakistan,chewing-gum-extra-time-for-male-and-female-in-pakistan,true,true,true,true,true,
https://cartly.com.pk/product/black-horse-golden-vital-honey-in-pakistan,black-horse-golden-vital-honey-in-pakistan,true,true,true,true,true,
https://cartly.com.pk/product/3-days-hip-up-butt-and-hips-cap-in-pakistan,3-days-hip-up-butt-and-hips-cap-in-pakistan,true,true,true,true,true,
https://cartly.com.pk/product/hadensa-ayurvedic-30-capsule-price-in-pakistan,hadensa-ayurvedic-30-capsule-price-in-pakistan,true,true,true,true,true,
https://cartly.com.pk/product/black-horse-vital-honey-online-in-pakistan,black-horse-vital-honey-online-in-pakistan,true,true,true,true,true,
https://cartly.com.pk/product/virginity-capsule-for-first-night-sale-in-pakistan,virginity-capsule-for-first-night-sale-in-pakistan,true,true,true,true,true,
https://cartly.com.pk/product/ostrich-oil-price-in-lahore,ostrich-oil-price-in-lahore,true,true,true,true,true,
https://cartly.com.pk/product/golden-royal-honey-sale-in-pakistan,golden-royal-honey-sale-in-pakistan,true,true,true,true,true,
https://cartly.com.pk/product/gold-q7-chocolate-in-pakistan,gold-q7-chocolate-in-pakistan,true,true,true,true,true,
https://cartly.com.pk/product/48-hours-gold-ginseng-chocolate-sale-in-pakistan-,48-hours-gold-ginseng-chocolate-sale-in-pakistan-,true,true,true,true,true,
https://cartly.com.pk/product/cougar-secret-honey-vip-in-pakistan,cougar-secret-honey-vip-in-pakistan,true,true,true,true,true,
https://cartly.com.pk/product/artificial-hymen-tightening-pills-in-lahore,artificial-hymen-tightening-pills-in-lahore,true,true,true,true,true,
https://cartly.com.pk/product/i-pill-tablet-online-sale-in-pakistan,i-pill-tablet-online-sale-in-pakistan,true,true,true,true,true,
https://cartly.com.pk/product/vagina-whitening-cream-price-in-pakistan,vagina-whitening-cream-price-in-pakistan,true,true,true,true,true,
https://cartly.com.pk/product/etumax-royal-honey-vip-price-in-pakistan,etumax-royal-honey-vip-price-in-pakistan,true,true,true,true,true,
https://cartly.com.pk/product/eighteen-virgin-kit-online-in-pakistan,eighteen-virgin-kit-online-in-pakistan,true,true,true,true,true,
https://cartly.com.pk/product/ancient-nutrition-organ-supplements-in-pakistan,ancient-nutrition-organ-supplements-in-pakistan,true,true,true,true,true,
https://cartly.com.pk/product/aguaje-and-red-maca-pills-sale-in-pakistan,aguaje-and-red-maca-pills-sale-in-pakistan,true,true,true,true,true,
https://cartly.com.pk/product/roket-tilla-kastori-majoon-in-pakistan,roket-tilla-kastori-majoon-in-pakistan,true,true,true,true,true,
https://cartly.com.pk/product/ag-factor-skin-whitening-dark-spot-anti-aging,ag-factor-skin-whitening-dark-spot-anti-aging,true,true,true,true,true,
https://cartly.com.pk/product/avanafil-tablets-price-in-pakistan,avanafil-tablets-price-in-pakistan,true,true,true,true,true,
https://cartly.com.pk/product/garlic-powder-capsules-in-pakistan,garlic-powder-capsules-in-pakistan,true,true,true,true,true,
https://cartly.com.pk/product/bathmate-hydromax-pump-in-pakistan,bathmate-hydromax-pump-in-pakistan,true,true,true,true,true,
https://cartly.com.pk/product/anadrol-50mg-tablets-in-pakistan,anadrol-50mg-tablets-in-pakistan,true,true,true,true,true,
https://cartly.com.pk/product/breast-enhancement-lift-ampoules-serum-injection,breast-enhancement-lift-ampoules-serum-injection,true,true,true,true,true,
https://cartly.com.pk/product/hyaluronic-acid-dermal-fillers-injection-in-pakistan,hyaluronic-acid-dermal-fillers-injection-in-pakistan,true,true,true,true,true,
https://cartly.com.pk/product/dianabol-100-tablets-price-in-pakistan,dianabol-100-tablets-price-in-pakistan,true,true,true,true,true,
https://cartly.com.pk/product/levitra-4-tablets-same-day-delivery-in-lahore,levitra-4-tablets-same-day-delivery-in-lahore,true,true,true,true,true,
https://cartly.com.pk/product/everlong-tablets-same-day-delivery-in-lahore,everlong-tablets-same-day-delivery-in-lahore,true,true,true,true,true,
https://cartly.com.pk/product/benoquin-monobenzone-cream-jar-pack-in-pakistan,benoquin-monobenzone-cream-jar-pack-in-pakistan,true,true,true,true,true,
https://cartly.com.pk/product/cialis-5mg-28-tablets-online-in-karachi,cialis-5mg-28-tablets-online-in-karachi,true,true,true,true,true,
https://cartly.com.pk/product/epidiolex-online-in-pakistan,epidiolex-online-in-pakistan,true,true,true,true,true,
https://cartly.com.pk/product/procreation-male-fertility-support-in-pakistan,procreation-male-fertility-support-in-pakistan,true,true,true,true,true,
https://cartly.com.pk/product/catapres-100-tablets-online-in-pakistan,catapres-100-tablets-online-in-pakistan,true,true,true,true,true,
https://cartly.com.pk/product/black-cobra-tablets-online-same-day-delivery-in-lahore,black-cobra-tablets-online-same-day-delivery-in-lahore,true,true,true,true,true,
https://cartly.com.pk/product/viagra-tablet-same-day-delivery-in-rawalpindi,viagra-tablet-same-day-delivery-in-rawalpindi,true,true,true,true,true,
https://cartly.com.pk/product/relax-sleep-aromatherapy-room-pillow-spray-in-pakistan,relax-sleep-aromatherapy-room-pillow-spray-in-pakistan,true,true,true,true,true,
https://cartly.com.pk/product/body-buildo-powder-for-weight-gain-sale-in-pakistan,body-buildo-powder-for-weight-gain-sale-in-pakistan,true,true,true,true,true,
https://cartly.com.pk/product/amazon-uk-xeros-dentaid-mouthwash-500ml-in-pakistan,amazon-uk-xeros-dentaid-mouthwash-500ml-in-pakistan,true,true,true,true,true,
https://cartly.com.pk/product/dentaid-xeros-spray-sweetcare-pakistan,dentaid-xeros-spray-sweetcare-pakistan,true,true,true,true,true,
https://cartly.com.pk/product/cevimeline-hydrochloride-30mg-capsules-in-pakistan,cevimeline-hydrochloride-30mg-capsules-in-pakistan,true,true,true,true,true,
https://cartly.com.pk/product/artelac-nighttime-10gram-gel-in-pakistan,artelac-nighttime-10gram-gel-in-pakistan,true,true,true,true,true,
https://cartly.com.pk/product/cialis-same-day-fast-delivery-in-pakistan,cialis-same-day-fast-delivery-in-pakistan,true,true,true,true,true,
https://cartly.com.pk/product/kindly-pleasure-delay-wipes-price-in-pakistan,kindly-pleasure-delay-wipes-price-in-pakistan,true,true,true,true,true,
https://cartly.com.pk/product/tyra-20mg-tablets-price-in-pakistan,tyra-20mg-tablets-price-in-pakistan,true,true,true,true,true,
https://cartly.com.pk/product/anal-plug-price-in-pakistan,anal-plug-price-in-pakistan,true,true,true,true,true,
https://cartly.com.pk/product/peni-maxxx-enlarger-enhancement-pills-in-pakistan,peni-maxxx-enlarger-enhancement-pills-in-pakistan,true,true,true,true,true,
https://cartly.com.pk/product/tiens-spirulina-capsules-price-in-pakistan,tiens-spirulina-capsules-price-in-pakistan,true,true,true,true,true,
https://cartly.com.pk/product/methylphenidate-xl-tablets-in-pakistan,methylphenidate-xl-tablets-in-pakistan,true,true,true,true,true,
https://cartly.com.pk/product/matoride-xl-tablets-36mg-in-pakistan,matoride-xl-tablets-36mg-in-pakistan,true,true,true,true,true,
https://cartly.com.pk/product/methylphenidate-er-tablets-price-in-pakistan,methylphenidate-er-tablets-price-in-pakistan,true,true,true,true,true,
https://cartly.com.pk/product/teva-adderall-xr-price-in-pakistan,teva-adderall-xr-price-in-pakistan,true,true,true,true,true,
https://cartly.com.pk/product/qsymia-7-5-mg-46-mg-capsules-in-pakistan,qsymia-7-5-mg-46-mg-capsules-in-pakistan,true,true,true,true,true,
https://cartly.com.pk/product/reductil-15mg-capsules-price-in-pakistan,reductil-15mg-capsules-price-in-pakistan,true,true,true,true,true,
https://cartly.com.pk/product/kasturi-gold-capsule-price-in-pakistan,kasturi-gold-capsule-price-in-pakistan,true,true,true,true,true,
https://cartly.com.pk/product/amaze-x-capsule-online-in-pakistan,amaze-x-capsule-online-in-pakistan,true,true,true,true,true,
https://cartly.com.pk/product/vita-ex-gold-plus-in-pakistan,vita-ex-gold-plus-in-pakistan,true,true,true,true,true,
https://cartly.com.pk/product/nutriley-orthosure-gold-joint-pain-price-in-pakistan,nutriley-orthosure-gold-joint-pain-price-in-pakistan,true,true,true,true,true,
https://cartly.com.pk/product/toko-d3-cream-online-sale-in-pakistan,toko-d3-cream-online-sale-in-pakistan,true,true,true,true,true,
https://cartly.com.pk/product/pure-nutrition-bp-pro-price-in-pakistan,pure-nutrition-bp-pro-price-in-pakistan,true,true,true,true,true,
https://cartly.com.pk/product/chantix-tablets-online-in-pakistan,chantix-tablets-online-in-pakistan,true,true,true,true,true,
https://cartly.com.pk/product/dexamethasone-tablets-online-in-pakistan,dexamethasone-tablets-online-in-pakistan,true,true,true,true,true,
https://cartly.com.pk/product/bye-bye-piles-ayurvedic-medicine-in-pakistan,bye-bye-piles-ayurvedic-medicine-in-pakistan,true,true,true,true,true,
https://cartly.com.pk/product/knight-rider-condom-in-pakistan,knight-rider-condom-in-pakistan,true,true,true,true,true,
https://cartly.com.pk/product/pfizer-viagra-tablets-sale-in-faisalabad,pfizer-viagra-tablets-sale-in-faisalabad,true,true,true,true,true,
https://cartly.com.pk/product/black-cobra-250mg-tablets-sale-in-pakistan,black-cobra-250mg-tablets-sale-in-pakistan,true,true,true,true,true,
https://cartly.com.pk/product/cialis-tablets-online-in-karachi,cialis-tablets-online-in-karachi,true,true,true,true,true,
https://cartly.com.pk/product/viagra-tablets-sale-in-multan,viagra-tablets-sale-in-multan,true,true,true,true,true,
https://cartly.com.pk/product/tightening-firming-bobae-breast-spray-in-pakistan,tightening-firming-bobae-breast-spray-in-pakistan,true,true,true,true,true,
https://cartly.com.pk/product/durex-reusable-condom-sale-in-pakistan,durex-reusable-condom-sale-in-pakistan,true,true,true,true,true,
https://cartly.com.pk/product/vimax-60capsule-in-pakistan,vimax-60capsule-in-pakistan,true,true,true,true,true,
https://cartly.com.pk/product/zenzsual-libizenzs-libido-booster-in-pakistan,zenzsual-libizenzs-libido-booster-in-pakistan,true,true,true,true,true,
https://cartly.com.pk/product/best-dildo-toys-sale-in-pakistan,best-dildo-toys-sale-in-pakistan,true,true,true,true,true,
https://cartly.com.pk/product/cialis-2-5-mg-tables-in-pakistan,cialis-2-5-mg-tables-in-pakistan,true,true,true,true,true,
https://cartly.com.pk/product/dapoxetine-tablets-sale-in-pakistan,dapoxetine-tablets-sale-in-pakistan,true,true,true,true,true,
https://cartly.com.pk/product/tongkat-ali-1100mg-240-capsules-in-pakistan,tongkat-ali-1100mg-240-capsules-in-pakistan,true,true,true,true,true,
https://cartly.com.pk/product/booty-magic-pills-sale-in-pakistan,booty-magic-pills-sale-in-pakistan,true,true,true,true,true,
https://cartly.com.pk/product/accufix-cleansing-balm-sale-in-pakistan,accufix-cleansing-balm-sale-in-pakistan,true,true,true,true,true,
https://cartly.com.pk/product/amino-acid-tablets-sale-in-pakistan,amino-acid-tablets-sale-in-pakistan,true,true,true,true,true,
https://cartly.com.pk/product/durex-play-vibrator-for-women-sale-in-pakistan,durex-play-vibrator-for-women-sale-in-pakistan,true,true,true,true,true,
https://cartly.com.pk/product/nmn-resveratrol-anti-aging-antioxidant-pills-in-pakistan,nmn-resveratrol-anti-aging-antioxidant-pills-in-pakistan,true,true,true,true,true,
https://cartly.com.pk/product/pure-body-breast-and-butt-vitamin-sale-in-pakistan,pure-body-breast-and-butt-vitamin-sale-in-pakistan,true,true,true,true,true,
https://cartly.com.pk/product/vita-solutions-nmn-1100mg-supplement-sale-in-pakistan,vita-solutions-nmn-1100mg-supplement-sale-in-pakistan,true,true,true,true,true,
https://cartly.com.pk/product/yoni-pearls-sale-in-pakistan,yoni-pearls-sale-in-pakistan,true,true,true,true,true,
https://cartly.com.pk/product/nature-s-bounty-cranberry-with-vitamin-c-in-pakistan,nature-s-bounty-cranberry-with-vitamin-c-in-pakistan,true,true,true,true,true,
https://cartly.com.pk/product/dripping-with-desire-supplement-sale-in-pakistan,dripping-with-desire-supplement-sale-in-pakistan,true,true,true,true,true,
https://cartly.com.pk/product/big-penis-usa-tablets-sale-in-pakistan,big-penis-usa-tablets-sale-in-pakistan,true,true,true,true,true,
https://cartly.com.pk/product/physician-s-choice-digestive-enzymes-in-pakistan,physician-s-choice-digestive-enzymes-in-pakistan,true,true,true,true,true,
https://cartly.com.pk/product/diblong-delay-spray-in-pakistan,diblong-delay-spray-in-pakistan,true,true,true,true,true,
https://cartly.com.pk/product/diblong-lubricating-jelly-in-pakistan,diblong-lubricating-jelly-in-pakistan,true,true,true,true,true,
https://cartly.com.pk/product/female-ko-garam-karne-wala-powder-china-in-pakistan,female-ko-garam-karne-wala-powder-china-in-pakistan,true,true,true,true,true,
https://cartly.com.pk/product/green-world-one-capsule-in-pakistan,green-world-one-capsule-in-pakistan,true,true,true,true,true,
https://cartly.com.pk/product/lovegra-oral-jelly-price-in-pakistan,lovegra-oral-jelly-price-in-pakistan,true,true,true,true,true,
https://cartly.com.pk/product/xxl-oil-for-men-sale-in-pakistan,xxl-oil-for-men-sale-in-pakistan,true,true,true,true,true,
https://cartly.com.pk/product/xxl-enlarge-oil-for-men-sale-in-pakistan,xxl-enlarge-oil-for-men-sale-in-pakistan,true,true,true,true,true,
https://cartly.com.pk/product/spanish-fly-drops-online-in-pakistan,spanish-fly-drops-online-in-pakistan,true,true,true,true,true,
https://cartly.com.pk/product/rhino-myth-honey-in-pakistan,rhino-myth-honey-in-pakistan,true,true,true,true,true,
https://cartly.com.pk/product/autoup-automatic-power-penis-pump-in-pakistan,autoup-automatic-power-penis-pump-in-pakistan,true,true,true,true,true,
https://cartly.com.pk/product/belt-wala-condom-online-sale-in-pakistan,belt-wala-condom-online-sale-in-pakistan,true,true,true,true,true,
https://cartly.com.pk/product/big-penis-capsules-price-in-pakistan,big-penis-capsules-price-in-pakistan,true,true,true,true,true,
https://cartly.com.pk/product/procomil-delay-testers-in-pakistan,procomil-delay-testers-in-pakistan,true,true,true,true,true,
https://cartly.com.pk/product/procial-5mg-tadalafil-online-in-pakistan,procial-5mg-tadalafil-online-in-pakistan,true,true,true,true,true,
https://cartly.com.pk/product/maxman-men-enlarging-gel-in-pakistan,maxman-men-enlarging-gel-in-pakistan,true,true,true,true,true,
https://cartly.com.pk/product/sdf-sildenafil-100mg-tablets-in-pakistan,sdf-sildenafil-100mg-tablets-in-pakistan,true,true,true,true,true,
https://cartly.com.pk/product/naltrexone-tablets-price-in-pakistan,naltrexone-tablets-price-in-pakistan,true,true,true,true,true,
https://cartly.com.pk/product/trexan-imported-tablets-online-in-pakistan,trexan-imported-tablets-online-in-pakistan,true,true,true,true,true,
https://cartly.com.pk/product/e-track-tablets-order-in-pakistan,e-track-tablets-order-in-pakistan,true,true,true,true,true,
https://cartly.com.pk/product/taweel-ultra-pills-price-in-pakistan,taweel-ultra-pills-price-in-pakistan,true,true,true,true,true,
https://cartly.com.pk/product/bojin-cream-for-men-sale-in-pakistan,bojin-cream-for-men-sale-in-pakistan,true,true,true,true,true,
https://cartly.com.pk/product/urecholine-25mg-buy-now-in-pakistan,urecholine-25mg-buy-now-in-pakistan,true,true,true,true,true,
https://cartly.com.pk/product/prednisone-20-mg-in-pakistan,prednisone-20-mg-in-pakistan,true,true,true,true,true,
https://cartly.com.pk/product/tavneos-capsules-online-in-pakistan,tavneos-capsules-online-in-pakistan,true,true,true,true,true,
https://cartly.com.pk/product/bronson-vitamin-b-complex-with-vitamin-c-in-pakistan,bronson-vitamin-b-complex-with-vitamin-c-in-pakistan,true,true,true,true,true,
https://cartly.com.pk/product/forever-active-ha-online-in-pakistan,forever-active-ha-online-in-pakistan,true,true,true,true,true,
https://cartly.com.pk/product/anabol-hardcore-anabolic-activator-in-pakistan,anabol-hardcore-anabolic-activator-in-pakistan,true,true,true,true,true,
https://cartly.com.pk/product/biomanix-male-performance-capsules-in-pakistan,biomanix-male-performance-capsules-in-pakistan,true,true,true,true,true,
https://cartly.com.pk/product/maxsize-male-enhancement-capsules-in-pakistan,maxsize-male-enhancement-capsules-in-pakistan,true,true,true,true,true,
https://cartly.com.pk/product/dripping-with-desire-supplement-in-pakistan,dripping-with-desire-supplement-in-pakistan,true,true,true,true,true,
https://cartly.com.pk/product/rivotril-clonazepam-2mg-sale-in-pakistan,rivotril-clonazepam-2mg-sale-in-pakistan,true,true,true,true,true,
https://cartly.com.pk/product/spermidine-supplements-in-pakistan,spermidine-supplements-in-pakistan,true,true,true,true,true,
https://cartly.com.pk/product/arya-tadalafil-5mg-sale-in-pakistan,arya-tadalafil-5mg-sale-in-pakistan,true,true,true,true,true,
https://cartly.com.pk/product/ksalol-1mg-price-in-pakistan,ksalol-1mg-price-in-pakistan,true,true,true,true,true,
https://cartly.com.pk/product/gnc-lycopene-30-mg-in-pakistan,gnc-lycopene-30-mg-in-pakistan,true,true,true,true,true,
https://cartly.com.pk/product/baraka-virega-price-in-pakistan,baraka-virega-price-in-pakistan,true,true,true,true,true,
https://cartly.com.pk/product/mughal-e-azam-cream-50gm-in-pakistan,mughal-e-azam-cream-50gm-in-pakistan,true,true,true,true,true,
https://cartly.com.pk/product/cialis-silver-tablets-price-in-pakistan,cialis-silver-tablets-price-in-pakistan,true,true,true,true,true,
https://cartly.com.pk/product/fh-pro-for-women-in-pakistan,fh-pro-for-women-in-pakistan,true,true,true,true,true,
https://cartly.com.pk/product/transform-feminizing-bum-hip-enhancer-pills-in-pakistan,transform-feminizing-bum-hip-enhancer-pills-in-pakistan,true,true,true,true,true,
https://cartly.com.pk/product/nzt-48-brain-booster-price-in-pakistan,nzt-48-brain-booster-price-in-pakistan,true,true,true,true,true,
https://cartly.com.pk/product/cobra-cream-online-in-pakistan,cobra-cream-online-in-pakistan,true,true,true,true,true,
https://cartly.com.pk/product/gorilla-condom-sale-in-pakistan,gorilla-condom-sale-in-pakistan,true,true,true,true,true,
https://cartly.com.pk/product/penis-online-in-pakistan,penis-online-in-pakistan,true,true,true,true,true,
https://cartly.com.pk/product/artificial-lun-online-sale-in-pakistan,artificial-lun-online-sale-in-pakistan,true,true,true,true,true,
https://cartly.com.pk/product/kamagra-oral-jelly-pack-in-lahore,kamagra-oral-jelly-pack-in-lahore,true,true,true,true,true,
https://cartly.com.pk/product/african-oil-for-penis-sale-in-pakistan,african-oil-for-penis-sale-in-pakistan,true,true,true,true,true,
https://cartly.com.pk/product/shop-uni-smart-royal-honey-plus-in-pakistan,shop-uni-smart-royal-honey-plus-in-pakistan,true,true,true,true,true,
https://cartly.com.pk/product/artificial-hymen-virginity-fake-blood-in-pakistan,artificial-hymen-virginity-fake-blood-in-pakistan,true,true,true,true,true,
https://cartly.com.pk/product/health-tone-weight-gain-capsules-price-in-pakistan,health-tone-weight-gain-capsules-price-in-pakistan,true,true,true,true,true,
https://cartly.com.pk/product/adjoint-30-tablets-order-now-in-pakistan,adjoint-30-tablets-order-now-in-pakistan,true,true,true,true,true,
https://cartly.com.pk/product/elvanse-for-adhd-pills-in-islamabad,elvanse-for-adhd-pills-in-islamabad,true,true,true,true,true,
https://cartly.com.pk/product/tadalafil-dapoxetine-oral-jelly-in-pakistan,tadalafil-dapoxetine-oral-jelly-in-pakistan,true,true,true,true,true,
https://cartly.com.pk/product/xanax-2mg-xr-online-in-pakistan,xanax-2mg-xr-online-in-pakistan,true,true,true,true,true,
https://cartly.com.pk/product/jian-yang-sawpalmetto-capsules-sale-in-pakistan,jian-yang-sawpalmetto-capsules-sale-in-pakistan,true,true,true,true,true,
https://cartly.com.pk/product/green-world-joint-health-plus-capsule-in-pakistan,green-world-joint-health-plus-capsule-in-pakistan,true,true,true,true,true,
https://cartly.com.pk/product/trimtone-diet-pills-sale-in-pakistan,trimtone-diet-pills-sale-in-pakistan,true,true,true,true,true,
https://cartly.com.pk/product/doctor-developed-joint-care-advanced-tablets-in-pakistan,doctor-developed-joint-care-advanced-tablets-in-pakistan,true,true,true,true,true,
https://cartly.com.pk/product/marinol-10mg-sale-in-pakistan,marinol-10mg-sale-in-pakistan,true,true,true,true,true,
https://cartly.com.pk/product/research-labs-grass-multi-collagen-wrinkle-complex-capsules,research-labs-grass-multi-collagen-wrinkle-complex-capsules,true,true,true,true,true,
https://cartly.com.pk/product/poison-sildenafil-130-mg-tablets-sale-in-pakistan,poison-sildenafil-130-mg-tablets-sale-in-pakistan,true,true,true,true,true,
https://cartly.com.pk/product/herbal-valley-super-gain-pills-sale-in-pakistan,herbal-valley-super-gain-pills-sale-in-pakistan,true,true,true,true,true,
https://cartly.com.pk/product/bestwe-men-delay-spray-sale-in-pakistan,bestwe-men-delay-spray-sale-in-pakistan,true,true,true,true,true,
https://cartly.com.pk/product/boso-delay-spray-sale-in-pakistan,boso-delay-spray-sale-in-pakistan,true,true,true,true,true,
https://cartly.com.pk/product/ez-loads-sex-pills-price-in-pakistan,ez-loads-sex-pills-price-in-pakistan,true,true,true,true,true,
https://cartly.com.pk/product/cup-masturbators-vibrator-sale-in-pakistan,cup-masturbators-vibrator-sale-in-pakistan,true,true,true,true,true,
https://cartly.com.pk/product/silagra-100-tablets-sale-in-pakistan,silagra-100-tablets-sale-in-pakistan,true,true,true,true,true,
https://cartly.com.pk/product/flibanserin-100mg-tablets-in-pakistan,flibanserin-100mg-tablets-in-pakistan,true,true,true,true,true,
https://cartly.com.pk/product/cialis-pack-of-6-tablets-same-day-delivery-in-lahore,cialis-pack-of-6-tablets-same-day-delivery-in-lahore,true,true,true,true,true,
https://cartly.com.pk/product/mk-677-price-in-pakistan,mk-677-price-in-pakistan,true,true,true,true,true,
https://cartly.com.pk/product/zenegra-lido-delay-spray-in-pakistan,zenegra-lido-delay-spray-in-pakistan,true,true,true,true,true,
https://cartly.com.pk/product/depojoy-60-mg-tablets-in-pakistan,depojoy-60-mg-tablets-in-pakistan,true,true,true,true,true,
https://cartly.com.pk/product/durex-condoms-price-in-pakistan,durex-condoms-price-in-pakistan,true,true,true,true,true,
https://cartly.com.pk/product/8-inches-realistic-tilt-dildo-sex-toy-in-pakistan,8-inches-realistic-tilt-dildo-sex-toy-in-pakistan,true,true,true,true,true,
https://cartly.com.pk/product/silicone-breast-forms-fake-boobs-sale-in-pakistan,silicone-breast-forms-fake-boobs-sale-in-pakistan,true,true,true,true,true,
https://cartly.com.pk/product/grow-body-capsules-by-best-choice-nutrition-in-pakistan,grow-body-capsules-by-best-choice-nutrition-in-pakistan,true,true,true,true,true,
https://cartly.com.pk/product/dr-james-vaginal-tightening-powder-in-pakistan,dr-james-vaginal-tightening-powder-in-pakistan,true,true,true,true,true,
https://cartly.com.pk/product/insulin-solostar-sale-in-pakistan,insulin-solostar-sale-in-pakistan,true,true,true,true,true,
https://cartly.com.pk/product/sexy-nighty-set-piece-women-in-pakistan,sexy-nighty-set-piece-women-in-pakistan,true,true,true,true,true,
https://cartly.com.pk/product/elvanse-30mg-online-in-pakistan,elvanse-30mg-online-in-pakistan,true,true,true,true,true,
https://cartly.com.pk/product/kohinoor-gold-plus-capsules-in-pakistan,kohinoor-gold-plus-capsules-in-pakistan,true,true,true,true,true,
https://cartly.com.pk/product/tafinlar-75mg-capsule-in-pakistan,tafinlar-75mg-capsule-in-pakistan,true,true,true,true,true,
https://cartly.com.pk/product/imuran-50-mg-tablet-online-in-pakistan,imuran-50-mg-tablet-online-in-pakistan,true,true,true,true,true,
https://cartly.com.pk/product/sandimmun-neoral-tablets-in-pakistan,sandimmun-neoral-tablets-in-pakistan,true,true,true,true,true,
https://cartly.com.pk/product/buy-adderall-30mg-online-in-pakistan,buy-adderall-30mg-online-in-pakistan,true,true,true,true,true,
https://cartly.com.pk/product/dexedrine-5mg-tablets-sale-in-pakistan,dexedrine-5mg-tablets-sale-in-pakistan,true,true,true,true,true,
https://cartly.com.pk/product/suhagra-force-tablets-price-in-pakistan,suhagra-force-tablets-price-in-pakistan,true,true,true,true,true,
https://cartly.com.pk/product/sildenafil-tablets-jaguar-130-in-pakistan,sildenafil-tablets-jaguar-130-in-pakistan,true,true,true,true,true,
https://cartly.com.pk/product/timing-tablets-online-sale-in-pakistan,timing-tablets-online-sale-in-pakistan,true,true,true,true,true,
https://cartly.com.pk/product/alprostadil-injection-ip-500-mcg-in-pakistan,alprostadil-injection-ip-500-mcg-in-pakistan,true,true,true,true,true,
https://cartly.com.pk/product/tila-muqavi-shahi-online-in-pakistan,tila-muqavi-shahi-online-in-pakistan,true,true,true,true,true,
https://cartly.com.pk/product/maxman-penis-enlargement-oil-in-pakistan,maxman-penis-enlargement-oil-in-pakistan,true,true,true,true,true,
https://cartly.com.pk/product/sild-up-tablets-in-pakistan,sild-up-tablets-in-pakistan,true,true,true,true,true,
https://cartly.com.pk/product/power-plus-royal-honey-sale-in-pakistan,power-plus-royal-honey-sale-in-pakistan,true,true,true,true,true,
https://cartly.com.pk/product/black-bull-extreme-honey-in-pakistan,black-bull-extreme-honey-in-pakistan,true,true,true,true,true,
https://cartly.com.pk/product/slimming-herb-tea-sale-in-pakistan,slimming-herb-tea-sale-in-pakistan,true,true,true,true,true,
https://cartly.com.pk/product/frozen-detox-online-in-pakistan,frozen-detox-online-in-pakistan,true,true,true,true,true,
https://cartly.com.pk/product/homtamin-ginseng-30-soft-capsules-in-pakistan,homtamin-ginseng-30-soft-capsules-in-pakistan,true,true,true,true,true,
https://cartly.com.pk/product/anabol-5mg-1000-tablets-sale-in-pakistan,anabol-5mg-1000-tablets-sale-in-pakistan,true,true,true,true,true,
https://cartly.com.pk/product/anal-plug-online-sale-in-pakistan,anal-plug-online-sale-in-pakistan,true,true,true,true,true,
https://cartly.com.pk/product/high-quality-tongue-condoms-sale-in-pakistan,high-quality-tongue-condoms-sale-in-pakistan,true,true,true,true,true,
https://cartly.com.pk/product/dragon-penis-sleeve-reusable-condom-in-pakistan,dragon-penis-sleeve-reusable-condom-in-pakistan,true,true,true,true,true,
https://cartly.com.pk/product/hot-and-spicy-women-sex-drop-in-pakistan,hot-and-spicy-women-sex-drop-in-pakistan,true,true,true,true,true,
https://cartly.com.pk/product/bust-plus-breast-enhancement-sale-in-pakistan,bust-plus-breast-enhancement-sale-in-pakistan,true,true,true,true,true,
https://cartly.com.pk/product/bio-beauty-breast-firming-cream-price-in-pakistan,bio-beauty-breast-firming-cream-price-in-pakistan,true,true,true,true,true,
https://cartly.com.pk/product/mysem-life-macun-in-pakistan,mysem-life-macun-in-pakistan,true,true,true,true,true,
https://cartly.com.pk/product/maccun-plus-honey-herbal-paste-in-pakistan,maccun-plus-honey-herbal-paste-in-pakistan,true,true,true,true,true,
https://cartly.com.pk/product/mesk-elyamen-royal-honey-in-pakistan,mesk-elyamen-royal-honey-in-pakistan,true,true,true,true,true,
https://cartly.com.pk/product/buy-mustrong-tablets-sale-in-pakistan,buy-mustrong-tablets-sale-in-pakistan,true,true,true,true,true,
https://cartly.com.pk/product/fh-pro-for-men-price-sale-in-pakistan,fh-pro-for-men-price-sale-in-pakistan,true,true,true,true,true,
https://cartly.com.pk/product/vegro-gold-timing-tablets-sale-in-pakistan,vegro-gold-timing-tablets-sale-in-pakistan,true,true,true,true,true,
https://cartly.com.pk/product/super-kingdol-tablets-online-in-pakistan,super-kingdol-tablets-online-in-pakistan,true,true,true,true,true,
https://cartly.com.pk/product/long-last-sildenafil-tablets-sale-in-pakistan,long-last-sildenafil-tablets-sale-in-pakistan,true,true,true,true,true,
https://cartly.com.pk/product/green-world-blueberry-anti-aging-in-pakistan,green-world-blueberry-anti-aging-in-pakistan,true,true,true,true,true,
https://cartly.com.pk/product/crystal-penis-sleeve-price-in-pakistan,crystal-penis-sleeve-price-in-pakistan,true,true,true,true,true,
https://cartly.com.pk/product/sams-realistic-masturbator-cup-price-in-pakistan,sams-realistic-masturbator-cup-price-in-pakistan,true,true,true,true,true,
https://cartly.com.pk/product/einseo-automatic-masturbator-price-in-pakistan,einseo-automatic-masturbator-price-in-pakistan,true,true,true,true,true,
https://cartly.com.pk/product/3-in-1-pocket-pussy-price-in-pakistan,3-in-1-pocket-pussy-price-in-pakistan,true,true,true,true,true,
https://cartly.com.pk/product/metandienone-tablets-sale-in-pakistan,metandienone-tablets-sale-in-pakistan,true,true,true,true,true,
https://cartly.com.pk/product/al-saudia-shadi-course-in-pakistan,al-saudia-shadi-course-in-pakistan,true,true,true,true,true,
https://cartly.com.pk/product/delay-spray-for-men-near-me-in-pakistan,delay-spray-for-men-near-me-in-pakistan,true,true,true,true,true,
https://cartly.com.pk/product/dxn-reishilium-powder-in-pakistan,dxn-reishilium-powder-in-pakistan,true,true,true,true,true,
https://cartly.com.pk/product/inositol-500-mg-supplements-in-pakistan,inositol-500-mg-supplements-in-pakistan,true,true,true,true,true,
https://cartly.com.pk/product/florinef-0-1mg-order-in-pakistan,florinef-0-1mg-order-in-pakistan,true,true,true,true,true,
https://cartly.com.pk/product/ayurslim-capsules-online-in-pakistan,ayurslim-capsules-online-in-pakistan,true,true,true,true,true,
https://cartly.com.pk/product/lisdexamfetamine-50mg-tablets-sale-in-pakistan,lisdexamfetamine-50mg-tablets-sale-in-pakistan,true,true,true,true,true,
https://cartly.com.pk/product/non-stimulant-adhd-medicine-sale-in-pakistan,non-stimulant-adhd-medicine-sale-in-pakistan,true,true,true,true,true,
https://cartly.com.pk/product/libido-lady-denk-sale-in-pakistan,libido-lady-denk-sale-in-pakistan,true,true,true,true,true,
https://cartly.com.pk/product/promescent-delay-spray-price-in-pakistan,promescent-delay-spray-price-in-pakistan,true,true,true,true,true,
https://cartly.com.pk/product/stud-100-delay-spray-price-in-pakistan,stud-100-delay-spray-price-in-pakistan,true,true,true,true,true,
https://cartly.com.pk/product/viga-1-million-gel-price-in-pakistan,viga-1-million-gel-price-in-pakistan,true,true,true,true,true,
https://cartly.com.pk/product/metro-man-power-cream-in-pakistan,metro-man-power-cream-in-pakistan,true,true,true,true,true,
https://cartly.com.pk/product/black-cobra-tablets-price-in-islamabad,black-cobra-tablets-price-in-islamabad,true,true,true,true,true,
https://cartly.com.pk/product/black-cobra-tablets-same-day-delivery-in-lahore,black-cobra-tablets-same-day-delivery-in-lahore,true,true,true,true,true,
https://cartly.com.pk/product/buy-cialis-in-lahore-same-day-delivery-tadalafil-tablets-pakistan,buy-cialis-in-lahore-same-day-delivery-tadalafil-tablets-pakistan,true,true,true,true,true,
https://cartly.com.pk/product/keto-slim-capsules-price-in-pakistan,keto-slim-capsules-price-in-pakistan,true,true,true,true,true,
https://cartly.com.pk/product/gss-lab-ibutamoren-mk-677-in-pakistan,gss-lab-ibutamoren-mk-677-in-pakistan,true,true,true,true,true,
https://cartly.com.pk/product/lipodrops-max-price-in-pakistan,lipodrops-max-price-in-pakistan,true,true,true,true,true,
https://cartly.com.pk/product/thermo-pro-fat-burner-price-in-pakistan,thermo-pro-fat-burner-price-in-pakistan,true,true,true,true,true,
https://cartly.com.pk/product/arthi-x-joint-formula-tablets-price-in-pakistan,arthi-x-joint-formula-tablets-price-in-pakistan,true,true,true,true,true,
https://cartly.com.pk/product/garlic-extract-capsules-price-in-pakistan,garlic-extract-capsules-price-in-pakistan,true,true,true,true,true,
https://cartly.com.pk/product/liposomal-nad-500mg-tmg-250mg-in-pakistan,liposomal-nad-500mg-tmg-250mg-in-pakistan,true,true,true,true,true,
https://cartly.com.pk/product/hard-rock-capsules-price-in-pakistan,hard-rock-capsules-price-in-pakistan,true,true,true,true,true,
https://cartly.com.pk/product/muha-meds-live-resin-disposable-in-lahore,muha-meds-live-resin-disposable-in-lahore,true,true,true,true,true,
https://cartly.com.pk/product/delta-8-thc-disposable-vape-in-pakistan,delta-8-thc-disposable-vape-in-pakistan,true,true,true,true,true,
https://cartly.com.pk/product/goodies-delta-8-thc-disposable-vape-lemon-runtz,goodies-delta-8-thc-disposable-vape-lemon-runtz,true,true,true,true,true,
https://cartly.com.pk/product/delta-10-vape-pro-2-5gr-delta10-thc-oil,delta-10-vape-pro-2-5gr-delta10-thc-oil,true,true,true,true,true,
https://cartly.com.pk/product/affinity-ice-cream-cake-liquid-diamond-vape-in-pakistan,affinity-ice-cream-cake-liquid-diamond-vape-in-pakistan,true,true,true,true,true,
https://cartly.com.pk/product/alien-kush-2g-disposables-vape-sale-in-pakistan,alien-kush-2g-disposables-vape-sale-in-pakistan,true,true,true,true,true,
https://cartly.com.pk/product/revive-cbd-watermelon-gummies-sale-in-pakistan,revive-cbd-watermelon-gummies-sale-in-pakistan,true,true,true,true,true,
https://cartly.com.pk/product/delta-9-cbd-gummies-sale-in-pakistan,delta-9-cbd-gummies-sale-in-pakistan,true,true,true,true,true,
https://cartly.com.pk/product/kw-serenity-nano-emulsified-cbd-gummies-in-lahore,kw-serenity-nano-emulsified-cbd-gummies-in-lahore,true,true,true,true,true,
https://cartly.com.pk/product/naturally-inspired-cbd-green-gummies-sale-in-pakistan,naturally-inspired-cbd-green-gummies-sale-in-pakistan,true,true,true,true,true,
https://cartly.com.pk/product/habit-watermelon-1-1-thc-cbd-gummies-sale-in-pakistan,habit-watermelon-1-1-thc-cbd-gummies-sale-in-pakistan,true,true,true,true,true,
https://cartly.com.pk/product/be-daring-pocket-pussy-sale-in-pakistan,be-daring-pocket-pussy-sale-in-pakistan,true,true,true,true,true,
https://cartly.com.pk/product/dimo-gummies-online-in-pakistan,dimo-gummies-online-in-pakistan,true,true,true,true,true,
https://cartly.com.pk/product/femara-2-5mg-30-tablet-sale-in-pakistan,femara-2-5mg-30-tablet-sale-in-pakistan,true,true,true,true,true,
https://cartly.com.pk/product/erecto-100-mg-online-order-in-pakistan,erecto-100-mg-online-order-in-pakistan,true,true,true,true,true,
https://cartly.com.pk/product/good-vibe-cbd-isolate-vegan-gummies-sale-in-pakistan,good-vibe-cbd-isolate-vegan-gummies-sale-in-pakistan,true,true,true,true,true,
https://cartly.com.pk/product/grenera-spirulina-capsules-sale-in-pakistan,grenera-spirulina-capsules-sale-in-pakistan,true,true,true,true,true,
https://cartly.com.pk/product/height-ryzer-grow-height-supplement-in-pakistan,height-ryzer-grow-height-supplement-in-pakistan,true,true,true,true,true,
https://cartly.com.pk/product/hemp-tokes-cbd-cigarettes-sale-in-pakistan,hemp-tokes-cbd-cigarettes-sale-in-pakistan,true,true,true,true,true,
https://cartly.com.pk/product/height-growth-plus-price-in-pakistan,height-growth-plus-price-in-pakistan,true,true,true,true,true,
https://cartly.com.pk/product/height-fuel-capsules-at-best-in-pakistan,height-fuel-capsules-at-best-in-pakistan,true,true,true,true,true,
https://cartly.com.pk/product/varikosette-cream-price-in-pakistan,varikosette-cream-price-in-pakistan,true,true,true,true,true,
https://cartly.com.pk/product/infinite-by-forever-firming-complex-in-pakistan,infinite-by-forever-firming-complex-in-pakistan,true,true,true,true,true,
https://cartly.com.pk/product/forever-living-absorbent-c-in-pakistan,forever-living-absorbent-c-in-pakistan,true,true,true,true,true,
https://cartly.com.pk/product/canapuff-thc-vape-sale-in-pakistan,canapuff-thc-vape-sale-in-pakistan,true,true,true,true,true,
https://cartly.com.pk/product/beezwax-thc-2-5g-disposables-vape-in-pakistan,beezwax-thc-2-5g-disposables-vape-in-pakistan,true,true,true,true,true,
https://cartly.com.pk/product/blazed-7-gram-thca-delta-9b-disposable-vape,blazed-7-gram-thca-delta-9b-disposable-vape,true,true,true,true,true,
https://cartly.com.pk/product/nimotop-30mg-tablets-sale-in-pakistan,nimotop-30mg-tablets-sale-in-pakistan,true,true,true,true,true,
https://cartly.com.pk/product/ultra-pink-400mg-tablets-for-women-in-pakistan,ultra-pink-400mg-tablets-for-women-in-pakistan,true,true,true,true,true,
https://cartly.com.pk/product/shudh-shilajit-ashwagandha-for-men-in-pakistan,shudh-shilajit-ashwagandha-for-men-in-pakistan,true,true,true,true,true,
https://cartly.com.pk/product/looper-vape-pod-flavour-in-pakistan,looper-vape-pod-flavour-in-pakistan,true,true,true,true,true,
https://cartly.com.pk/product/sankalp-pueraria-mirifica-price-in-pakistan,sankalp-pueraria-mirifica-price-in-pakistan,true,true,true,true,true,
https://cartly.com.pk/product/herbal-solutions-body-buildo-price-in-pakistan,herbal-solutions-body-buildo-price-in-pakistan,true,true,true,true,true,
https://cartly.com.pk/product/sukoon-joint-oil-price-in-pakistan,sukoon-joint-oil-price-in-pakistan,true,true,true,true,true,
https://cartly.com.pk/product/trip-drip-8-3-delta-8-disposable-in-pakistan,trip-drip-8-3-delta-8-disposable-in-pakistan,true,true,true,true,true,
https://cartly.com.pk/product/testosterone-injection-price-in-pakistan,testosterone-injection-price-in-pakistan,true,true,true,true,true,
https://cartly.com.pk/product/tri-mix-injection-price-in-pakistan,tri-mix-injection-price-in-pakistan,true,true,true,true,true,
https://cartly.com.pk/product/modafinil-100-mg-tablets-price-in-pakistan,modafinil-100-mg-tablets-price-in-pakistan,true,true,true,true,true,
https://cartly.com.pk/product/bpc-157-capsules-price-in-pakistan,bpc-157-capsules-price-in-pakistan,true,true,true,true,true,
https://cartly.com.pk/product/ambien-10mg-tablets-in-pakistan,ambien-10mg-tablets-in-pakistan,true,true,true,true,true,
https://cartly.com.pk/product/zyrexin-525mg-tablets-price-in-pakistan,zyrexin-525mg-tablets-price-in-pakistan,true,true,true,true,true,
https://cartly.com.pk/product/dapsone-25mg-tablets-price-in-pakistan,dapsone-25mg-tablets-price-in-pakistan,true,true,true,true,true,
https://cartly.com.pk/product/rohypnol-tablets-information-in-pakistan,rohypnol-tablets-information-in-pakistan,true,true,true,true,true,
https://cartly.com.pk/product/dextroamphetamine-tablets-in-pakistan,dextroamphetamine-tablets-in-pakistan,true,true,true,true,true,
https://cartly.com.pk/product/zenzedi-tablets-price-in-pakistan,zenzedi-tablets-price-in-pakistan,true,true,true,true,true,
https://cartly.com.pk/product/perfectil-hair-crush-60-gummies-in-pakistan,perfectil-hair-crush-60-gummies-in-pakistan,true,true,true,true,true,
https://cartly.com.pk/product/ace-ultra-thc-premium-2g-vape-sale-in-pakistan,ace-ultra-thc-premium-2g-vape-sale-in-pakistan,true,true,true,true,true,
https://cartly.com.pk/product/cannabis-thc-disposable-vape-sale-in-pakistan,cannabis-thc-disposable-vape-sale-in-pakistan,true,true,true,true,true,
https://cartly.com.pk/product/cannaaid-black-label-hhc-d9-disposable-2g-in-pakistan,cannaaid-black-label-hhc-d9-disposable-2g-in-pakistan,true,true,true,true,true,
https://cartly.com.pk/product/cypress-thc-gummies-240mg-sale-in-pakistan,cypress-thc-gummies-240mg-sale-in-pakistan,true,true,true,true,true,
https://cartly.com.pk/product/top-shelf-4g-thc-disposable-vape-sale-in-pakistan,top-shelf-4g-thc-disposable-vape-sale-in-pakistan,true,true,true,true,true,
https://cartly.com.pk/product/viagra-tablets-price-in-lahore,viagra-tablets-price-in-lahore,true,true,true,true,true,
https://cartly.com.pk/product/vimax-delay-spray-delivery-in-lahore,vimax-delay-spray-delivery-in-lahore,true,true,true,true,true,
https://cartly.com.pk/product/cialis-5mg-fast-delivery-in-lahore,cialis-5mg-fast-delivery-in-lahore,true,true,true,true,true,
https://cartly.com.pk/product/cialis-20mg-fast-delivery-in-lahore,cialis-20mg-fast-delivery-in-lahore,true,true,true,true,true,
https://cartly.com.pk/product/turkey-cialis-20mg-near-me-in-lahore,turkey-cialis-20mg-near-me-in-lahore,true,true,true,true,true,
https://cartly.com.pk/product/levitra-20mg-tablet-same-day-delivery-in-lahore,levitra-20mg-tablet-same-day-delivery-in-lahore,true,true,true,true,true,
https://cartly.com.pk/product/cialis-5mg-price-in-islamabad,cialis-5mg-price-in-islamabad,true,true,true,true,true,
https://cartly.com.pk/product/cialis-tablets-in-islamabad,cialis-tablets-in-islamabad,true,true,true,true,true,
https://cartly.com.pk/product/levitra-tablets-in-islamabad,levitra-tablets-in-islamabad,true,true,true,true,true,
https://cartly.com.pk/product/everlong-tablets-in-islamabad,everlong-tablets-in-islamabad,true,true,true,true,true,
https://cartly.com.pk/product/intact-dp-extra-tablets-in-islamabad,intact-dp-extra-tablets-in-islamabad,true,true,true,true,true,
https://cartly.com.pk/product/stenagra-power-tablets-in-pakistan,stenagra-power-tablets-in-pakistan,true,true,true,true,true,
https://cartly.com.pk/product/usa-black-gold-tablets-same-day-delivery-in-lahore,usa-black-gold-tablets-same-day-delivery-in-lahore,true,true,true,true,true,
https://cartly.com.pk/product/cialis-20mg-same-day-delivery-in-karachi,cialis-20mg-same-day-delivery-in-karachi,true,true,true,true,true,
https://cartly.com.pk/product/cialis-20mg-pickup-in-lahore,cialis-20mg-pickup-in-lahore,true,true,true,true,true,
https://cartly.com.pk/product/vega-force-100mg-same-day-delivery-in-lahore,vega-force-100mg-same-day-delivery-in-lahore,true,true,true,true,true,
https://cartly.com.pk/product/vi-zagra-gold-tablets-same-day-delivery-in-lahore,vi-zagra-gold-tablets-same-day-delivery-in-lahore,true,true,true,true,true,
https://cartly.com.pk/product/viga-990000-spray-same-day-delivery-in-lahore,viga-990000-spray-same-day-delivery-in-lahore,true,true,true,true,true,
https://cartly.com.pk/product/maxman-delay-spray-same-day-delivery-in-lahore,maxman-delay-spray-same-day-delivery-in-lahore,true,true,true,true,true,
https://cartly.com.pk/product/cialis-tablet-same-day-delivery-in-rawalpindi,cialis-tablet-same-day-delivery-in-rawalpindi,true,true,true,true,true,
https://cartly.com.pk/product/viagra-same-day-delivery-price-in-lahore,viagra-same-day-delivery-price-in-lahore,true,true,true,true,true,
https://cartly.com.pk/product/koi-gummies-2500mg-in-lahore,koi-gummies-2500mg-in-lahore,true,true,true,true,true,
https://cartly.com.pk/product/chapo-extrax-live-resin-gummies-in-pakistan,chapo-extrax-live-resin-gummies-in-pakistan,true,true,true,true,true,
https://cartly.com.pk/product/chapo-gummies-online-in-pakistan,chapo-gummies-online-in-pakistan,true,true,true,true,true,
https://cartly.com.pk/product/indica-thc-gummies-sale-in-lahore,indica-thc-gummies-sale-in-lahore,true,true,true,true,true,
https://cartly.com.pk/product/thc-delta-9-to-broad-spectrum-gummies-in-pakistan,thc-delta-9-to-broad-spectrum-gummies-in-pakistan,true,true,true,true,true,
https://cartly.com.pk/product/urb-1-1-thc-cbd-d9-gummies-750mg-in-pakistan,urb-1-1-thc-cbd-d9-gummies-750mg-in-pakistan,true,true,true,true,true,
https://cartly.com.pk/product/kush-kube-delta-9-cbd-gummies-in-pakistan,kush-kube-delta-9-cbd-gummies-in-pakistan,true,true,true,true,true,
https://cartly.com.pk/product/zar-anytime-pure-cbd-gummies-sale-in-pakistan,zar-anytime-pure-cbd-gummies-sale-in-pakistan,true,true,true,true,true,
https://cartly.com.pk/product/tweed-gorilla-berry-grape-liquid-disposable-vape,tweed-gorilla-berry-grape-liquid-disposable-vape,true,true,true,true,true,
https://cartly.com.pk/product/torch-x-pressure-la-thc-a-disposable-vape-sale-in-pakistan,torch-x-pressure-la-thc-a-disposable-vape-sale-in-pakistan,true,true,true,true,true,
https://cartly.com.pk/product/torch-live-resin-diamonds-thc-a-cartridge-sale-3-5g,torch-live-resin-diamonds-thc-a-cartridge-sale-3-5g,true,true,true,true,true,
https://cartly.com.pk/product/the-loud-plug-venom-og-thc-disposable-pen,the-loud-plug-venom-og-thc-disposable-pen,true,true,true,true,true,
https://cartly.com.pk/product/thc-vape-pen-sale-pakistan,thc-vape-pen-sale-pakistan,true,true,true,true,true,
https://cartly.com.pk/product/benzonatate-capsules-sale-in-pakistan,benzonatate-capsules-sale-in-pakistan,true,true,true,true,true,
https://cartly.com.pk/product/lisdexamfetamine-tablets-sale-in-pakistan,lisdexamfetamine-tablets-sale-in-pakistan,true,true,true,true,true,
https://cartly.com.pk/product/concerta-36mg-online-in-pakistan,concerta-36mg-online-in-pakistan,true,true,true,true,true,
https://cartly.com.pk/product/penis-pro-extender-device-order-in-pakistan,penis-pro-extender-device-order-in-pakistan,true,true,true,true,true,
https://cartly.com.pk/product/inovelon-400mg-tablets-sale-in-pakistan,inovelon-400mg-tablets-sale-in-pakistan,true,true,true,true,true,
https://cartly.com.pk/product/vilazodone-viibryd-20mg-in-pakistan,vilazodone-viibryd-20mg-in-pakistan,true,true,true,true,true,
https://cartly.com.pk/product/dexamethasone-tablets-in-pakistan,dexamethasone-tablets-in-pakistan,true,true,true,true,true,
https://cartly.com.pk/product/eliquis-apixaban-tablets-in-pakistan,eliquis-apixaban-tablets-in-pakistan,true,true,true,true,true,
https://cartly.com.pk/product/jardiance-10mg-in-pakistan,jardiance-10mg-in-pakistan,true,true,true,true,true,
https://cartly.com.pk/product/allopurinol-100mg-tablets-in-pakistan,allopurinol-100mg-tablets-in-pakistan,true,true,true,true,true,
https://cartly.com.pk/product/lazarus-naturals-cbd-calm-gummies-in-pakistan,lazarus-naturals-cbd-calm-gummies-in-pakistan,true,true,true,true,true,
https://cartly.com.pk/product/bethanechol-25mg-price-in-pakistan,bethanechol-25mg-price-in-pakistan,true,true,true,true,true,
https://cartly.com.pk/product/urotone-25-mg-tablets-sale-in-lahore,urotone-25-mg-tablets-sale-in-lahore,true,true,true,true,true,
https://cartly.com.pk/product/7-inch-soft-pink-dildo-in-pakistan,7-inch-soft-pink-dildo-in-pakistan,true,true,true,true,true,
https://cartly.com.pk/product/hims-ed-tablets-in-pakistan,hims-ed-tablets-in-pakistan,true,true,true,true,true,
https://cartly.com.pk/product/hard-man-sexual-tablets-in-pakistan,hard-man-sexual-tablets-in-pakistan,true,true,true,true,true,
https://cartly.com.pk/product/cajo-sildenafil-citrate-tablets-in-pakistan,cajo-sildenafil-citrate-tablets-in-pakistan,true,true,true,true,true,
https://cartly.com.pk/product/fycompa-2mg-tablets-sale-in-pakistan,fycompa-2mg-tablets-sale-in-pakistan,true,true,true,true,true,
https://cartly.com.pk/product/mammol-cream-online-in-pakistan,mammol-cream-online-in-pakistan,true,true,true,true,true,
https://cartly.com.pk/product/acne-laser-pen-sale-in-pakistan,acne-laser-pen-sale-in-pakistan,true,true,true,true,true,
https://cartly.com.pk/product/cicaplast-baume-b5-for-dry-skin-irritations-in-pakistan,cicaplast-baume-b5-for-dry-skin-irritations-in-pakistan,true,true,true,true,true,
https://cartly.com.pk/product/themra-honey-red-ginseng-paste-240g-in-pakistan,themra-honey-red-ginseng-paste-240g-in-pakistan,true,true,true,true,true,
https://cartly.com.pk/product/white-rhino-5g-thca-liquid-diamond-live-resin-disposable,white-rhino-5g-thca-liquid-diamond-live-resin-disposable,true,true,true,true,true,
https://cartly.com.pk/product/weed-vape-sale-in-pakistan,weed-vape-sale-in-pakistan,true,true,true,true,true,
https://cartly.com.pk/product/urb-x-sugar-hhc-thc-disposable-vape-sale-in-pakistan,urb-x-sugar-hhc-thc-disposable-vape-sale-in-pakistan,true,true,true,true,true,
https://cartly.com.pk/product/trinity-spinny-6gm-thc-sale-in-pakistan,trinity-spinny-6gm-thc-sale-in-pakistan,true,true,true,true,true,
https://cartly.com.pk/product/benoquin-cream-buy-now-in-pakistan,benoquin-cream-buy-now-in-pakistan,true,true,true,true,true,
https://cartly.com.pk/product/venom-og-2g-thca-disposable-vape-sale-in-pakistan,venom-og-2g-thca-disposable-vape-sale-in-pakistan,true,true,true,true,true,
https://cartly.com.pk/product/vader-thc-vape-pen-sale-in-pakistan,vader-thc-vape-pen-sale-in-pakistan,true,true,true,true,true,
https://cartly.com.pk/product/zombi-extrax-blackout-thc-blend-sale-in-pakistan,zombi-extrax-blackout-thc-blend-sale-in-pakistan,true,true,true,true,true,
https://cartly.com.pk/product/zombie-special-edition-disposable-3-5g-in-pakistan,zombie-special-edition-disposable-3-5g-in-pakistan,true,true,true,true,true,
https://cartly.com.pk/product/cbdfx-pineapple-express-vape-juice-sale-in-pakistan,cbdfx-pineapple-express-vape-juice-sale-in-pakistan,true,true,true,true,true,
https://cartly.com.pk/product/unwanted-kit-sale-in-pakistan,unwanted-kit-sale-in-pakistan,true,true,true,true,true,
https://cartly.com.pk/product/ritalin-10mg-tablets-methylphenidate-hcl-in-pakistan,ritalin-10mg-tablets-methylphenidate-hcl-in-pakistan,true,true,true,true,true,
https://cartly.com.pk/product/ofev-150mg-60-capsules-sale-in-pakistan,ofev-150mg-60-capsules-sale-in-pakistan,true,true,true,true,true,
https://cartly.com.pk/product/imuran-50-mg-tablet-buy-now-in-pakistan,imuran-50-mg-tablet-buy-now-in-pakistan,true,true,true,true,true,
https://cartly.com.pk/product/jardiance-25mg-tablets-online-in-pakistan,jardiance-25mg-tablets-online-in-pakistan,true,true,true,true,true,
https://cartly.com.pk/product/vsof-tablet-best-in-pakistan,vsof-tablet-best-in-pakistan,true,true,true,true,true,
https://cartly.com.pk/product/eighty-six-brand-delta-9-disposables-2g-sale-in-pakistan,eighty-six-brand-delta-9-disposables-2g-sale-in-pakistan,true,true,true,true,true,
https://cartly.com.pk/product/flying-horse-3-in-1-thca-thcp-9g-disposable-vape-in-pakistan,flying-horse-3-in-1-thca-thcp-9g-disposable-vape-in-pakistan,true,true,true,true,true,
https://cartly.com.pk/product/flying-horse-exotic-blend-15000mg-gummies-in-pakistan,flying-horse-exotic-blend-15000mg-gummies-in-pakistan,true,true,true,true,true,
https://cartly.com.pk/product/oxycontin-tablets-80mg-in-pakistan,oxycontin-tablets-80mg-in-pakistan,true,true,true,true,true,
https://cartly.com.pk/product/thc-disposable-pod-cod-sale-in-lahore,thc-disposable-pod-cod-sale-in-lahore,true,true,true,true,true,
https://cartly.com.pk/product/delta-9-thc-vape-juice-sale-in-lahore,delta-9-thc-vape-juice-sale-in-lahore,true,true,true,true,true,
https://cartly.com.pk/product/plastic-lun-online-sale-in-lahore,plastic-lun-online-sale-in-lahore,true,true,true,true,true,
https://cartly.com.pk/product/muha-meds-x-cookies-collab-thc-vape-sale-in-rawalpindi,muha-meds-x-cookies-collab-thc-vape-sale-in-rawalpindi,true,true,true,true,true,
https://cartly.com.pk/product/xaggitin-xl-27mg-tablets-in-pakistan,xaggitin-xl-27mg-tablets-in-pakistan,true,true,true,true,true,
https://cartly.com.pk/product/xaggitin-xl-36-mg-tablets-in-pakistan,xaggitin-xl-36-mg-tablets-in-pakistan,true,true,true,true,true,
https://cartly.com.pk/product/non-stimulant-adhd-in-pakistan,non-stimulant-adhd-in-pakistan,true,true,true,true,true,
https://cartly.com.pk/product/vyas-30mg-capsule-sale-in-pakistan,vyas-30mg-capsule-sale-in-pakistan,true,true,true,true,true,
https://cartly.com.pk/product/buy-elvanse-order-now-in-pakistan,buy-elvanse-order-now-in-pakistan,true,true,true,true,true,
https://cartly.com.pk/product/attvanse-lisdexamfetamine-50mg-in-lohare,attvanse-lisdexamfetamine-50mg-in-lohare,true,true,true,true,true,
https://cartly.com.pk/product/vyas-70mg-products-sale-in-pakistan,vyas-70mg-products-sale-in-pakistan,true,true,true,true,true,
https://cartly.com.pk/product/white-widow-disposable-thc-vape-pen-in-pakistan,white-widow-disposable-thc-vape-pen-in-pakistan,true,true,true,true,true,
https://cartly.com.pk/product/xk-splash-citrus-oral-spray-sale-in-pakistan,xk-splash-citrus-oral-spray-sale-in-pakistan,true,true,true,true,true,
https://cartly.com.pk/product/zaz-5g-thc-disposable-vape-sale-in-pakistan,zaz-5g-thc-disposable-vape-sale-in-pakistan,true,true,true,true,true,
https://cartly.com.pk/product/trippy-sugar-thc-disposable-vape-in-pakistan,trippy-sugar-thc-disposable-vape-in-pakistan,true,true,true,true,true,
https://cartly.com.pk/product/trip-drip-zooters-5x-disposable-in-pakistan,trip-drip-zooters-5x-disposable-in-pakistan,true,true,true,true,true,
https://cartly.com.pk/product/trinity-hemp-knockout-blend-disposable-6g-in-lahore,trinity-hemp-knockout-blend-disposable-6g-in-lahore,true,true,true,true,true,
https://cartly.com.pk/product/tillmans-tranquils-cbg-relief-mints-sale-in-pakistan,tillmans-tranquils-cbg-relief-mints-sale-in-pakistan,true,true,true,true,true,
https://cartly.com.pk/product/thc-oil-vapes-sale-in-pakistan,thc-oil-vapes-sale-in-pakistan,true,true,true,true,true,
https://cartly.com.pk/product/thc-vape-pen-order-now-pakistan,thc-vape-pen-order-now-pakistan,true,true,true,true,true,
https://cartly.com.pk/product/thc-online-same-day-fast-delivery-in-islamabad,thc-online-same-day-fast-delivery-in-islamabad,true,true,true,true,true,
https://cartly.com.pk/product/buy-maxman-penis-pump-sale-in-pakistan,buy-maxman-penis-pump-sale-in-pakistan,true,true,true,true,true,
https://cartly.com.pk/product/real-hymen-blood-capsules-sale-in-pakistan,real-hymen-blood-capsules-sale-in-pakistan,true,true,true,true,true,
https://cartly.com.pk/product/ear-corrector-clip-online-in-pakistan,ear-corrector-clip-online-in-pakistan,true,true,true,true,true,
https://cartly.com.pk/product/durex-play-multi-speed-vibrator-sale-in-pakistan,durex-play-multi-speed-vibrator-sale-in-pakistan,true,true,true,true,true,
https://cartly.com.pk/product/cialis-same-day-fast-delivery-in-lahore,cialis-same-day-fast-delivery-in-lahore,true,true,true,true,true,
https://cartly.com.pk/product/viviscal-tablets-online-in-pakistan,viviscal-tablets-online-in-pakistan,true,true,true,true,true,
https://cartly.com.pk/product/elvanse-stimulant-sale-in-pakistan,elvanse-stimulant-sale-in-pakistan,true,true,true,true,true,
https://cartly.com.pk/product/30-day-diet-weight-loss-supplement-in-pakistan,30-day-diet-weight-loss-supplement-in-pakistan,true,true,true,true,true,
https://cartly.com.pk/product/men-enlargement-supplement-drops-in-pakistan,men-enlargement-supplement-drops-in-pakistan,true,true,true,true,true,
https://cartly.com.pk/product/viagra-yellow-100mg-tablets-in-pakistan,viagra-yellow-100mg-tablets-in-pakistan,true,true,true,true,true,
https://cartly.com.pk/product/original-pfizer-viagra-tablets-in-lahore,original-pfizer-viagra-tablets-in-lahore,true,true,true,true,true,
https://cartly.com.pk/product/zoomax-hip-tablets-in-pakistan,zoomax-hip-tablets-in-pakistan,true,true,true,true,true,
https://cartly.com.pk/product/duraxet-60mg-tablets-in-pakistan,duraxet-60mg-tablets-in-pakistan,true,true,true,true,true,
https://cartly.com.pk/product/tadacip-tablets-in-pakistan,tadacip-tablets-in-pakistan,true,true,true,true,true,
https://cartly.com.pk/product/sildenafil-citrate-tablets-100mg-in-pakistan,sildenafil-citrate-tablets-100mg-in-pakistan,true,true,true,true,true,
https://cartly.com.pk/product/power-v-tablets-in-pakistan,power-v-tablets-in-pakistan,true,true,true,true,true,
https://cartly.com.pk/product/yonggang-tablets-in-pakistan,yonggang-tablets-in-pakistan,true,true,true,true,true,
https://cartly.com.pk/product/time-boomer-tablets-dapoxetine-60mg-in-pakistan,time-boomer-tablets-dapoxetine-60mg-in-pakistan,true,true,true,true,true,
https://cartly.com.pk/product/cialis-black-tablets-20mg-in-islamabad,cialis-black-tablets-20mg-in-islamabad,true,true,true,true,true,
https://cartly.com.pk/product/blazed-liquid-diamonds-3g-disposable-vape-pen-in-pakistan,blazed-liquid-diamonds-3g-disposable-vape-pen-in-pakistan,true,true,true,true,true,
https://cartly.com.pk/product/boutiq-biscoff-and-jelly-roll-v4-thc-in-pakistan,boutiq-biscoff-and-jelly-roll-v4-thc-in-pakistan,true,true,true,true,true,
https://cartly.com.pk/product/bonanza-thc-watermelon-gummies-sale-in-pakistan,bonanza-thc-watermelon-gummies-sale-in-pakistan,true,true,true,true,true,
https://cartly.com.pk/product/cbdfx-purple-punch-disposable-500mg-sale-in-islamabad,cbdfx-purple-punch-disposable-500mg-sale-in-islamabad,true,true,true,true,true,
https://cartly.com.pk/product/zenius-xtra-oil-50-ml-xtra-power-capsule-in-lahore,zenius-xtra-oil-50-ml-xtra-power-capsule-in-lahore,true,true,true,true,true,
https://cartly.com.pk/product/viagra-tablet-same-day-delivery-sale-in-islamabad,viagra-tablet-same-day-delivery-sale-in-islamabad,true,true,true,true,true,
https://cartly.com.pk/product/preparation-h-cream-price-in-pakistan,preparation-h-cream-price-in-pakistan,true,true,true,true,true,
https://cartly.com.pk/product/kirmizi-macun-ginseng-macun-red-in-pakistan,kirmizi-macun-ginseng-macun-red-in-pakistan,true,true,true,true,true,
https://cartly.com.pk/product/palboxen-125mg-21-capsules-sale-in-pakistan,palboxen-125mg-21-capsules-sale-in-pakistan,true,true,true,true,true,
https://cartly.com.pk/product/vg-3-tablets-price-in-pakistan,vg-3-tablets-price-in-pakistan,true,true,true,true,true,
https://cartly.com.pk/product/tentex-royal-capsule-sale-in-pakistan,tentex-royal-capsule-sale-in-pakistan,true,true,true,true,true,
https://cartly.com.pk/product/maui-labs-face-melters-neon-series-disposable-in-pakistan,maui-labs-face-melters-neon-series-disposable-in-pakistan,true,true,true,true,true,
https://cartly.com.pk/product/cbd-vape-juice-same-day-delivery-in-lahore,cbd-vape-juice-same-day-delivery-in-lahore,true,true,true,true,true,
https://cartly.com.pk/product/1ml-disposable-cbd-vape-pen-mango-haze-600mg,1ml-disposable-cbd-vape-pen-mango-haze-600mg,true,true,true,true,true,
https://cartly.com.pk/product/adonis-glutat-nano-shots-sale-in-pakistan,adonis-glutat-nano-shots-sale-in-pakistan,true,true,true,true,true,
https://cartly.com.pk/product/cerave-eye-repair-cream-sale-in-pakistan,cerave-eye-repair-cream-sale-in-pakistan,true,true,true,true,true,
https://cartly.com.pk/product/tata-harper-skincare-resurfacing-in-pakistan,tata-harper-skincare-resurfacing-in-pakistan,true,true,true,true,true,
https://cartly.com.pk/product/serious-skincare-retinol-cream-sale-in-pakistan,serious-skincare-retinol-cream-sale-in-pakistan,true,true,true,true,true,
https://cartly.com.pk/product/dr-wandel-melz-cream-30ml-sale-in-pakistan,dr-wandel-melz-cream-30ml-sale-in-pakistan,true,true,true,true,true,
https://cartly.com.pk/product/juicy-kush-budder-rosin-thc-p-disposable-2-5g-in-pakistan,juicy-kush-budder-rosin-thc-p-disposable-2-5g-in-pakistan,true,true,true,true,true,
https://cartly.com.pk/product/3d-realistic-vagina-pocket-pussy-for-men-sale-in-pakistan,3d-realistic-vagina-pocket-pussy-for-men-sale-in-pakistan,true,true,true,true,true,
https://cartly.com.pk/product/7-gram-thca-high-thc-p-disposable-vape-limited-series-in-pakistan,7-gram-thca-high-thc-p-disposable-vape-limited-series-in-pakistan,true,true,true,true,true,
https://cartly.com.pk/product/blue-razz-elf-vpr120-120ml-buy-sale-in-pakistan,blue-razz-elf-vpr120-120ml-buy-sale-in-pakistan,true,true,true,true,true,
https://cartly.com.pk/product/cali-extrax-live-resin-gummies-2500mg-sale-in-pakistan,cali-extrax-live-resin-gummies-2500mg-sale-in-pakistan,true,true,true,true,true,
https://cartly.com.pk/product/elf-thc-oil-vpr3000-salts-30ml-sale-in-pakistan,elf-thc-oil-vpr3000-salts-30ml-sale-in-pakistan,true,true,true,true,true,
https://cartly.com.pk/product/elf-thc-disposable-vape-bar-in-lahore,elf-thc-disposable-vape-bar-in-lahore,true,true,true,true,true,
https://cartly.com.pk/product/kamagra-oral-jelly-7-sachet-in-pakistan,kamagra-oral-jelly-7-sachet-in-pakistan,true,true,true,true,true,
https://cartly.com.pk/product/weed-flavour-vape-liquid-sale-in-pakistan,weed-flavour-vape-liquid-sale-in-pakistan,true,true,true,true,true,
https://cartly.com.pk/product/mifepristone-tablets-in-pakistan,mifepristone-tablets-in-pakistan,true,true,true,true,true,
https://cartly.com.pk/product/papaya-breast-coffee-in-pakistan,papaya-breast-coffee-in-pakistan,true,true,true,true,true,
https://cartly.com.pk/product/dragon-6-inch-condom-in-pakistan,dragon-6-inch-condom-in-pakistan,true,true,true,true,true,
https://cartly.com.pk/product/tko-smak-d-thc-gummies-sale-in-pakistan,tko-smak-d-thc-gummies-sale-in-pakistan,true,true,true,true,true,
https://cartly.com.pk/product/titan-plus-gold-capsule-sale-in-pakistan,titan-plus-gold-capsule-sale-in-pakistan,true,true,true,true,true,
https://cartly.com.pk/product/vig-power-original-capsule-in-pakistan,vig-power-original-capsule-in-pakistan,true,true,true,true,true,
https://cartly.com.pk/product/goodman-capsules-in-pakistan,goodman-capsules-in-pakistan,true,true,true,true,true,
https://cartly.com.pk/product/okeny-s-herbal-enlarge-oil-in-pakistan,okeny-s-herbal-enlarge-oil-in-pakistan,true,true,true,true,true,
https://cartly.com.pk/product/forever-bee-propolis-in-pakistan,forever-bee-propolis-in-pakistan,true,true,true,true,true,
https://cartly.com.pk/product/aqua-sculpt-advanced-weight-loss-in-pakistan,aqua-sculpt-advanced-weight-loss-in-pakistan,true,true,true,true,true,
https://cartly.com.pk/product/silicone-condom-in-islamabad,silicone-condom-in-islamabad,true,true,true,true,true,
https://cartly.com.pk/product/porcodile-longtime-delay-spray-45cc,porcodile-longtime-delay-spray-45cc,true,true,true,true,true,
https://cartly.com.pk/product/delay-cream-online-sale-in-pakistan,delay-cream-online-sale-in-pakistan,true,true,true,true,true,
https://cartly.com.pk/product/procomil-cream-price-sale-in-pakistan,procomil-cream-price-sale-in-pakistan,true,true,true,true,true,
https://cartly.com.pk/product/protein-powder-green-world-sale-in-pakistan,protein-powder-green-world-sale-in-pakistan,true,true,true,true,true,
https://cartly.com.pk/product/2-400mg-lab-grade-cbd-oil-sale-in-pakistan,2-400mg-lab-grade-cbd-oil-sale-in-pakistan,true,true,true,true,true,
https://cartly.com.pk/product/cialis-professional-50-mg-sale-in-pakistan,cialis-professional-50-mg-sale-in-pakistan,true,true,true,true,true,
https://cartly.com.pk/product/weed-oil-for-pod-sale-in-karachi,weed-oil-for-pod-sale-in-karachi,true,true,true,true,true,
https://cartly.com.pk/product/disposable-weed-pen-online-in-pakistan,disposable-weed-pen-online-in-pakistan,true,true,true,true,true,
https://cartly.com.pk/product/stiiizy-200mg-edibles-in-pakistan,stiiizy-200mg-edibles-in-pakistan,true,true,true,true,true,
https://cartly.com.pk/product/lost-thc-vape-sale-in-pakistan,lost-thc-vape-sale-in-pakistan,true,true,true,true,true,
https://cartly.com.pk/product/cbdfx-cbd-oil-2000mg-very-berry-30ml-in-pakistan,cbdfx-cbd-oil-2000mg-very-berry-30ml-in-pakistan,true,true,true,true,true,
https://cartly.com.pk/product/exodus-gigabytes-gummies-15000mg-in-pakistan,exodus-gigabytes-gummies-15000mg-in-pakistan,true,true,true,true,true,
https://cartly.com.pk/product/elvanse-30mg-ordeer-in-pakistan,elvanse-30mg-ordeer-in-pakistan,true,true,true,true,true,
https://cartly.com.pk/product/electric-bra-for-breast-enhancement-sale-in-pakistan,electric-bra-for-breast-enhancement-sale-in-pakistan,true,true,true,true,true,
https://cartly.com.pk/product/lisdexamfetamine-30mg-tablets-sale-in-pakistan,lisdexamfetamine-30mg-tablets-sale-in-pakistan,true,true,true,true,true,
https://cartly.com.pk/product/abdominal-belt-buy-now-in-pakistan,abdominal-belt-buy-now-in-pakistan,true,true,true,true,true,
https://cartly.com.pk/product/dapsone-tablets-in-pakistan,dapsone-tablets-in-pakistan,true,true,true,true,true,
https://cartly.com.pk/product/oxycontin-tablets-online-in-pakistan,oxycontin-tablets-online-in-pakistan,true,true,true,true,true,
https://cartly.com.pk/product/tretinoin-gel-sale-in-islamabad,tretinoin-gel-sale-in-islamabad,true,true,true,true,true,
https://cartly.com.pk/product/glucosamine-with-boswellia-sale-in-pakistan,glucosamine-with-boswellia-sale-in-pakistan,true,true,true,true,true,
https://cartly.com.pk/product/viagra-50mg-orodispersible-saudia-tablets-in-pakistan,viagra-50mg-orodispersible-saudia-tablets-in-pakistan,true,true,true,true,true,
https://cartly.com.pk/product/grand-mamba-xl-jock-style-cock-sheath-sleeve,grand-mamba-xl-jock-style-cock-sheath-sleeve,true,true,true,true,true,
https://cartly.com.pk/product/dumdaar-oil-for-pain-relief-sale-in-pakistan,dumdaar-oil-for-pain-relief-sale-in-pakistan,true,true,true,true,true,
https://cartly.com.pk/product/dhuandhar-muscle-pain-oil-sale-in-pakistan,dhuandhar-muscle-pain-oil-sale-in-pakistan,true,true,true,true,true,
https://cartly.com.pk/product/focalin-xr-15mg-tablets-sale-in-pakistan,focalin-xr-15mg-tablets-sale-in-pakistan,true,true,true,true,true,
https://cartly.com.pk/product/guanfacine-2mg-for-adhd-sale-in-pakistan,guanfacine-2mg-for-adhd-sale-in-pakistan,true,true,true,true,true,
https://cartly.com.pk/product/behoshi-spray-daraz-sale-in-pakistan,behoshi-spray-daraz-sale-in-pakistan,true,true,true,true,true,
https://cartly.com.pk/product/haze-cbd-sleep-gummies-3000mg-sale-in-pakistan,haze-cbd-sleep-gummies-3000mg-sale-in-pakistan,true,true,true,true,true,
https://cartly.com.pk/product/11-hxy-thc-disposable-vape-3-gram-cali-reserve-sale-in-pakistan,11-hxy-thc-disposable-vape-3-gram-cali-reserve-sale-in-pakistan,true,true,true,true,true,
https://cartly.com.pk/product/710-labs-live-rosin-thc-vape-sale-in-pakistan,710-labs-live-rosin-thc-vape-sale-in-pakistan,true,true,true,true,true,
https://cartly.com.pk/product/wunder-mushroom-gummies-12000mg-sale-in-pakistan,wunder-mushroom-gummies-12000mg-sale-in-pakistan,true,true,true,true,true,
https://cartly.com.pk/product/weed-chocolate-online-in-pakistan,weed-chocolate-online-in-pakistan,true,true,true,true,true,
https://cartly.com.pk/product/red-dragon-tablets-sale-in-pakistan,red-dragon-tablets-sale-in-pakistan,true,true,true,true,true,
https://cartly.com.pk/product/xarelto-10mg-tablets-sale-in-pakistan,xarelto-10mg-tablets-sale-in-pakistan,true,true,true,true,true,
https://cartly.com.pk/product/g-power-male-enhancement-tablets-in-pakistan,g-power-male-enhancement-tablets-in-pakistan,true,true,true,true,true,
https://cartly.com.pk/product/wearable-vibrator-remote-control-adult-toys-in-pakistan,wearable-vibrator-remote-control-adult-toys-in-pakistan,true,true,true,true,true,
https://cartly.com.pk/product/weight-gain-60-capsule-in-pakistan,weight-gain-60-capsule-in-pakistan,true,true,true,true,true,
https://cartly.com.pk/product/virgin-again-wedding-night-kit-in-pakistan,virgin-again-wedding-night-kit-in-pakistan,true,true,true,true,true,
https://cartly.com.pk/product/xerox-tablets-in-pakistan,xerox-tablets-in-pakistan,true,true,true,true,true,
https://cartly.com.pk/product/viagra-tablets-in-lahore,viagra-tablets-in-lahore,true,true,true,true,true,
https://cartly.com.pk/product/vega-force-100mg-in-lahore,vega-force-100mg-in-lahore,true,true,true,true,true,
https://cartly.com.pk/product/toplux-nutrition-berberine-extract-capsules-in-pakistan,toplux-nutrition-berberine-extract-capsules-in-pakistan,true,true,true,true,true,
https://cartly.com.pk/product/weed-gummies-sale-in-pakistan,weed-gummies-sale-in-pakistan,true,true,true,true,true,
https://cartly.com.pk/product/weed-pen-online-in-pakistan,weed-pen-online-in-pakistan,true,true,true,true,true,
https://cartly.com.pk/product/5-inch-silicone-condom-usa-in-pakistan,5-inch-silicone-condom-usa-in-pakistan,true,true,true,true,true,
https://cartly.com.pk/product/urb-gummy-getaway-barbados-sale-in-pakistan,urb-gummy-getaway-barbados-sale-in-pakistan,true,true,true,true,true,
https://cartly.com.pk/product/100-herbal-taakat-vati-sale-in-pakistan,100-herbal-taakat-vati-sale-in-pakistan,true,true,true,true,true,
https://cartly.com.pk/product/tadagra-tadalafil-20mg-tablets-in-lahore,tadagra-tadalafil-20mg-tablets-in-lahore,true,true,true,true,true,
https://cartly.com.pk/product/stramox-40mg-tablets-in-pakistan,stramox-40mg-tablets-in-pakistan,true,true,true,true,true,
https://cartly.com.pk/product/stainless-steel-rose-butt-plug-sale-in-pakistan,stainless-steel-rose-butt-plug-sale-in-pakistan,true,true,true,true,true,
https://cartly.com.pk/product/senigra-tablets-100mg-in-pakistan,senigra-tablets-100mg-in-pakistan,true,true,true,true,true,
https://cartly.com.pk/product/thc-vape-online-pakistan,thc-vape-online-pakistan,true,true,true,true,true,
https://cartly.com.pk/product/thc-vape-juice-purple-punch-sale-in-pakistan,thc-vape-juice-purple-punch-sale-in-pakistan,true,true,true,true,true,
https://cartly.com.pk/product/thc-oil-same-day-delivery-sale-in-lahore,thc-oil-same-day-delivery-sale-in-lahore,true,true,true,true,true,
https://cartly.com.pk/product/thc-magic-mushrooms-online-in-pakistan,thc-magic-mushrooms-online-in-pakistan,true,true,true,true,true,
https://cartly.com.pk/product/strawberry-cough-delta-8-disposable-sale-in-lahore,strawberry-cough-delta-8-disposable-sale-in-lahore,true,true,true,true,true,
https://cartly.com.pk/product/sticky-green-high-grade-thc-a-flower-sale-in-pakistan,sticky-green-high-grade-thc-a-flower-sale-in-pakistan,true,true,true,true,true,
https://cartly.com.pk/product/smoothe-cosmo-7g-thc-disposable-sale-in-pakistan,smoothe-cosmo-7g-thc-disposable-sale-in-pakistan,true,true,true,true,true,
https://cartly.com.pk/product/meizao-papaya-breast-cream-in-pakistan,meizao-papaya-breast-cream-in-pakistan,true,true,true,true,true,
https://cartly.com.pk/product/delay-dietary-capsules-sale-in-pakistan,delay-dietary-capsules-sale-in-pakistan,true,true,true,true,true,
https://cartly.com.pk/product/casodex-50mg-tablets-bicalutamide-sale-in-pakistan,casodex-50mg-tablets-bicalutamide-sale-in-pakistan,true,true,true,true,true,
https://cartly.com.pk/product/lenvima-14mg-tablets-in-pakistan,lenvima-14mg-tablets-in-pakistan,true,true,true,true,true,
https://cartly.com.pk/product/rhophylac-anti-d-300mcg-pre-filled-syringe-in-pakistan,rhophylac-anti-d-300mcg-pre-filled-syringe-in-pakistan,true,true,true,true,true,
https://cartly.com.pk/product/flying-monkey-spacemonkey-3g-live-resin-disposable-d8-thcp-live-resin,flying-monkey-spacemonkey-3g-live-resin-disposable-d8-thcp-live-resin,true,true,true,true,true,
https://cartly.com.pk/product/tucaxen-150mg-tablets-in-pakistan,tucaxen-150mg-tablets-in-pakistan,true,true,true,true,true,
https://cartly.com.pk/product/avastin-400mg-injection-bevacizumab-in-pakistan,avastin-400mg-injection-bevacizumab-in-pakistan,true,true,true,true,true,
https://cartly.com.pk/product/zoladex-3-6mg-injection-goserelin-in-pakistan,zoladex-3-6mg-injection-goserelin-in-pakistan,true,true,true,true,true,
https://cartly.com.pk/product/forsteo-injection-20mcg-80iu-pre-filled-pen-in-pakistan,forsteo-injection-20mcg-80iu-pre-filled-pen-in-pakistan,true,true,true,true,true,
https://cartly.com.pk/product/frozen-fields-switch-thcp-disposable-3g,frozen-fields-switch-thcp-disposable-3g,true,true,true,true,true,
https://cartly.com.pk/product/cbd-spray-4500mg-peppermint-flavour,cbd-spray-4500mg-peppermint-flavour,true,true,true,true,true,
https://cartly.com.pk/product/thrusting-dildo-vibrator-with-14-vibration-modes-in-pakistan,thrusting-dildo-vibrator-with-14-vibration-modes-in-pakistan,true,true,true,true,true,
https://cartly.com.pk/product/binoid-true-strain-disposable-7g-in-pakistan,binoid-true-strain-disposable-7g-in-pakistan,true,true,true,true,true,
https://cartly.com.pk/product/canna-beast-cherry-pom-delta-9-thc-vape-cartridge,canna-beast-cherry-pom-delta-9-thc-vape-cartridge,true,true,true,true,true,
https://cartly.com.pk/product/green-farm-delta-8-gummies-in-pakistan,green-farm-delta-8-gummies-in-pakistan,true,true,true,true,true,
https://cartly.com.pk/product/serene-tree-delta-10-thc-tincture-unflavored-in-pakistan,serene-tree-delta-10-thc-tincture-unflavored-in-pakistan,true,true,true,true,true,
https://cartly.com.pk/product/cake-delta-8-disposable-vape-3g-in-pakistan,cake-delta-8-disposable-vape-3g-in-pakistan,true,true,true,true,true,
https://cartly.com.pk/product/cake-delta-8-thcp-disposable-vape-7g-in-pakistan,cake-delta-8-thcp-disposable-vape-7g-in-pakistan,true,true,true,true,true,
https://cartly.com.pk/product/buy-2000mg-thc-capsules-indica-in-pakistan,buy-2000mg-thc-capsules-indica-in-pakistan,true,true,true,true,true,
https://cartly.com.pk/product/plaquenil-200mg-tablets-price-in-pakistan,plaquenil-200mg-tablets-price-in-pakistan,true,true,true,true,true,
https://cartly.com.pk/product/mm4-delay-cream-in-pakistan,mm4-delay-cream-in-pakistan,true,true,true,true,true,
https://cartly.com.pk/product/super-kamagra-25mg-tablets-in-pakistan,super-kamagra-25mg-tablets-in-pakistan,true,true,true,true,true,
https://cartly.com.pk/product/kamagra-100mg-tablets-in-pakistan,kamagra-100mg-tablets-in-pakistan,true,true,true,true,true,
https://cartly.com.pk/product/mm5-german-delay-cream-in-pakistan,mm5-german-delay-cream-in-pakistan,true,true,true,true,true,
https://cartly.com.pk/product/viagra-4-tablets-in-islamabad,viagra-4-tablets-in-islamabad,true,true,true,true,true,
https://cartly.com.pk/product/wellbeing-nutrition-slow-burn-capsule-in-pakistan,wellbeing-nutrition-slow-burn-capsule-in-pakistan,true,true,true,true,true,
https://cartly.com.pk/product/seedomega-oil-filled-vegetarian-capsule-sale-in-pakistan,seedomega-oil-filled-vegetarian-capsule-sale-in-pakistan,true,true,true,true,true,
https://cartly.com.pk/product/kirk-humanitarian-multiple-micronutrient-supplement-for-pregnancy,kirk-humanitarian-multiple-micronutrient-supplement-for-pregnancy,true,true,true,true,true,
https://cartly.com.pk/product/major-curves-tightening-pills-in-pakistan,major-curves-tightening-pills-in-pakistan,true,true,true,true,true,
https://cartly.com.pk/product/dr-galaxy-hip-up-capsule-sale-in-pakistan,dr-galaxy-hip-up-capsule-sale-in-pakistan,true,true,true,true,true,
https://cartly.com.pk/product/hard-ten-days-capsule-sale-in-pakistan,hard-ten-days-capsule-sale-in-pakistan,true,true,true,true,true,
https://cartly.com.pk/product/hong-wei-pills-sale-in-pakistan,hong-wei-pills-sale-in-pakistan,true,true,true,true,true,
https://cartly.com.pk/product/mk-677-ibutamoren-capsules-sale-in-pakistan,mk-677-ibutamoren-capsules-sale-in-pakistan,true,true,true,true,true,
https://cartly.com.pk/product/calcitriol-0-25mcg-calcium-carbonate-500mg-in-pakistan,calcitriol-0-25mcg-calcium-carbonate-500mg-in-pakistan,true,true,true,true,true,
https://cartly.com.pk/product/g-power-male-enhancement-tablets-sale-in-pakistan,g-power-male-enhancement-tablets-sale-in-pakistan,true,true,true,true,true,
https://cartly.com.pk/product/toplux-nutrition-berberine-extract-capsules,toplux-nutrition-berberine-extract-capsules,true,true,true,true,true,
https://cartly.com.pk/product/coq-fem-nutraceutical-tablet-for-adult-women,coq-fem-nutraceutical-tablet-for-adult-women,true,true,true,true,true,
https://cartly.com.pk/product/miduty-vitiligo-supplement-bundle-sale-in-pakistan,miduty-vitiligo-supplement-bundle-sale-in-pakistan,true,true,true,true,true,
https://cartly.com.pk/product/strongest-cbd-gummies-for-sleep-sale-in-pakistan,strongest-cbd-gummies-for-sleep-sale-in-pakistan,true,true,true,true,true,
https://cartly.com.pk/product/sour-mango-thc-vape-diesel-1000mg-sale-in-pakistan,sour-mango-thc-vape-diesel-1000mg-sale-in-pakistan,true,true,true,true,true,
https://cartly.com.pk/product/thc-free-cbd-gummies-sale-in-pakistan,thc-free-cbd-gummies-sale-in-pakistan,true,true,true,true,true,
https://cartly.com.pk/product/thc-m-3g-disposable-vape-bonkers-sale-in-pakistan,thc-m-3g-disposable-vape-bonkers-sale-in-pakistan,true,true,true,true,true,
https://cartly.com.pk/product/mk-677-60-capsules-sale-in-pakistan,mk-677-60-capsules-sale-in-pakistan,true,true,true,true,true,
https://cartly.com.pk/product/organic-reishi-mushroom-capsules-sale-in-pakistan,organic-reishi-mushroom-capsules-sale-in-pakistan,true,true,true,true,true,
https://cartly.com.pk/product/arcwell-nicotinamide-mononucleotide-250-mg-in-pakistan,arcwell-nicotinamide-mononucleotide-250-mg-in-pakistan,true,true,true,true,true,
https://cartly.com.pk/product/unique-formula-eye-shield-supplement-in-pakistan,unique-formula-eye-shield-supplement-in-pakistan,true,true,true,true,true,
https://cartly.com.pk/product/purefully-premium-nmn-500mg-sale-in-pakistan,purefully-premium-nmn-500mg-sale-in-pakistan,true,true,true,true,true,
https://cartly.com.pk/product/leucovorin-calcium-15-mg-tablet-in-pakistan,leucovorin-calcium-15-mg-tablet-in-pakistan,true,true,true,true,true,
https://cartly.com.pk/product/anapolon-50mg-tablets-sale-in-pakistan,anapolon-50mg-tablets-sale-in-pakistan,true,true,true,true,true,
https://cartly.com.pk/product/airboy-stinging-nettle-root-capsules-sale-in-pakistan,airboy-stinging-nettle-root-capsules-sale-in-pakistan,true,true,true,true,true,
https://cartly.com.pk/product/modafinil-provigil-tablets-sale-in-pakistan,modafinil-provigil-tablets-sale-in-pakistan,true,true,true,true,true,
https://cartly.com.pk/product/mekinist-trametinib-tablets-sale-in-pakistan,mekinist-trametinib-tablets-sale-in-pakistan,true,true,true,true,true,
https://cartly.com.pk/product/zolpidem-tartrate-tablet-sale-in-pakistan,zolpidem-tartrate-tablet-sale-in-pakistan,true,true,true,true,true,
https://cartly.com.pk/product/fast-sleep-aroma-mist-125ml-in-pakistan,fast-sleep-aroma-mist-125ml-in-pakistan,true,true,true,true,true,
https://cartly.com.pk/product/seven-seas-fish-oil-capsules-sale-in-pakistan,seven-seas-fish-oil-capsules-sale-in-pakistan,true,true,true,true,true,
https://cartly.com.pk/product/vedaone-organic-amla-60-caplets-sale-in-pakistan,vedaone-organic-amla-60-caplets-sale-in-pakistan,true,true,true,true,true,
https://cartly.com.pk/product/primolut-n-5mg-tablets-sale-in-pakistan,primolut-n-5mg-tablets-sale-in-pakistan,true,true,true,true,true,
https://cartly.com.pk/product/artige-20mg-tablets-sale-in-pakistan,artige-20mg-tablets-sale-in-pakistan,true,true,true,true,true,
https://cartly.com.pk/product/dim-estrogen-balance-for-women-capsule-sale-in-pakistan,dim-estrogen-balance-for-women-capsule-sale-in-pakistan,true,true,true,true,true,
https://cartly.com.pk/product/red-ginseng-capsules-sale-in-pakistan,red-ginseng-capsules-sale-in-pakistan,true,true,true,true,true,
https://cartly.com.pk/product/korean-ginseng-500mg-100-capsules-sale-in-pakistan,korean-ginseng-500mg-100-capsules-sale-in-pakistan,true,true,true,true,true,
https://cartly.com.pk/product/selcaxen-30-tablets-40mg-sale-in-pakistan,selcaxen-30-tablets-40mg-sale-in-pakistan,true,true,true,true,true,
https://cartly.com.pk/product/rital-10mg-same-day-delivery-in-islamabad,rital-10mg-same-day-delivery-in-islamabad,true,true,true,true,true,
https://cartly.com.pk/product/adderall-adhd-tablets-urgent-delivery-in-lahore,adderall-adhd-tablets-urgent-delivery-in-lahore,true,true,true,true,true,
https://cartly.com.pk/product/ritalin-tablets-sale-same-day-deliver-in-lahore,ritalin-tablets-sale-same-day-deliver-in-lahore,true,true,true,true,true,
https://cartly.com.pk/product/just-glow-nmn-1000mg-capsules-sale-in-pakistan,just-glow-nmn-1000mg-capsules-sale-in-pakistan,true,true,true,true,true,
https://cartly.com.pk/product/nmn-pro-complete-120-capsule-sale-in-pakistan,nmn-pro-complete-120-capsule-sale-in-pakistan,true,true,true,true,true,
https://cartly.com.pk/product/dr-mercola-magnesium-advanced-capsules-sale-in-pakistan,dr-mercola-magnesium-advanced-capsules-sale-in-pakistan,true,true,true,true,true,
https://cartly.com.pk/product/dr-berg-gallbladder-formula-extra-strength-sale-in-pakistan,dr-berg-gallbladder-formula-extra-strength-sale-in-pakistan,true,true,true,true,true,
https://cartly.com.pk/product/danabol-ds-10mg-500-tablets-sale-in-pakistan,danabol-ds-10mg-500-tablets-sale-in-pakistan,true,true,true,true,true,
https://cartly.com.pk/product/virectin-male-enhancement-pills-in-pakistan,virectin-male-enhancement-pills-in-pakistan,true,true,true,true,true,
https://cartly.com.pk/product/d-bol-10mg-100-tablets-sale-in-pakistan,d-bol-10mg-100-tablets-sale-in-pakistan,true,true,true,true,true,
https://cartly.com.pk/product/mifepristone-price-in-pakistan,mifepristone-price-in-pakistan,true,true,true,true,true,
https://cartly.com.pk/product/mifepristone-10-tablets-in-pakistan,mifepristone-10-tablets-in-pakistan,true,true,true,true,true,
https://cartly.com.pk/product/pharma-oxandrolone-anavar-10mg-tablets-sale-in-pakistan,pharma-oxandrolone-anavar-10mg-tablets-sale-in-pakistan,true,true,true,true,true,
https://cartly.com.pk/product/gefitinib-250mg-tablets-sale-in-pakistan,gefitinib-250mg-tablets-sale-in-pakistan,true,true,true,true,true,
https://cartly.com.pk/product/biogen-omega-3-1000mg-fish-oil-sale-in-pakistan,biogen-omega-3-1000mg-fish-oil-sale-in-pakistan,true,true,true,true,true,
https://cartly.com.pk/product/ruxotor-5-mg-60-tablets-sale-in-pakistan,ruxotor-5-mg-60-tablets-sale-in-pakistan,true,true,true,true,true,
https://cartly.com.pk/product/entresto-tablets-sale-in-pakistan,entresto-tablets-sale-in-pakistan,true,true,true,true,true,
https://cartly.com.pk/product/linzess-145mcg-30-capsules-sale-in-pakistan,linzess-145mcg-30-capsules-sale-in-pakistan,true,true,true,true,true,
https://cartly.com.pk/product/sacubitril-and-valsartan-tablsts-sale-in-pakistan,sacubitril-and-valsartan-tablsts-sale-in-pakistan,true,true,true,true,true,
https://cartly.com.pk/product/equate-stool-softener-stimulant-laxative-tablets-sale,equate-stool-softener-stimulant-laxative-tablets-sale,true,true,true,true,true,
https://cartly.com.pk/product/hepatsure-500mg-capsule-sale-in-pakistan,hepatsure-500mg-capsule-sale-in-pakistan,true,true,true,true,true,
https://cartly.com.pk/product/rutinib-10mg-5mg-tablets-sale-in-pakistan,rutinib-10mg-5mg-tablets-sale-in-pakistan,true,true,true,true,true,
https://cartly.com.pk/product/intuniv-1mg-prolonged-release-sale-in-pakistan,intuniv-1mg-prolonged-release-sale-in-pakistan,true,true,true,true,true,
https://cartly.com.pk/product/minogain-2-5mg-tablet-sale-in-pakistan,minogain-2-5mg-tablet-sale-in-pakistan,true,true,true,true,true,
https://cartly.com.pk/product/vita-dad-male-fertility-supplement-sale-in-pakistan,vita-dad-male-fertility-supplement-sale-in-pakistan,true,true,true,true,true,
https://cartly.com.pk/product/modafinil-tablet-sale-fast-delivery-in-lahore,modafinil-tablet-sale-fast-delivery-in-lahore,true,true,true,true,true,
https://cartly.com.pk/product/junoon-herbal-oil-20ml-for-men-sale-in-pakistan,junoon-herbal-oil-20ml-for-men-sale-in-pakistan,true,true,true,true,true,
https://cartly.com.pk/product/dabur-shilajit-gold-in-pakistan,dabur-shilajit-gold-in-pakistan,true,true,true,true,true,
https://cartly.com.pk/product/baby-boy-formula-cassava-fertility-booster-sale-in-pakistan,baby-boy-formula-cassava-fertility-booster-sale-in-pakistan,true,true,true,true,true,
https://cartly.com.pk/product/miss-me-drops-in-pakistan,miss-me-drops-in-pakistan,true,true,true,true,true,
https://cartly.com.pk/product/nutrablast-boric-acid-vaginal-suppositories-sale-in-pakistan,nutrablast-boric-acid-vaginal-suppositories-sale-in-pakistan,true,true,true,true,true,
https://cartly.com.pk/product/cardioace-max-in-pakistan,cardioace-max-in-pakistan,true,true,true,true,true,
https://cartly.com.pk/product/biosil-collagen-skin-supplement-in-pakistan,biosil-collagen-skin-supplement-in-pakistan,true,true,true,true,true,
https://cartly.com.pk/product/prostavibe-bee-wellness-inhaler-sale-in-pakistan,prostavibe-bee-wellness-inhaler-sale-in-pakistan,true,true,true,true,true,
https://cartly.com.pk/product/certified-organic-spirulina-tablets-2000mg-in-pakistan,certified-organic-spirulina-tablets-2000mg-in-pakistan,true,true,true,true,true,
https://cartly.com.pk/product/hammer-labz-mk-677-ostarine-capsules-in-pakistan,hammer-labz-mk-677-ostarine-capsules-in-pakistan,true,true,true,true,true,
https://cartly.com.pk/product/swiss-pharmaceuticals-testodrol-capsules-in-pakistan,swiss-pharmaceuticals-testodrol-capsules-in-pakistan,true,true,true,true,true,
https://cartly.com.pk/product/vita-bella-enclomiphene-citrate-12-5mg-90-capsules-in-pakistan,vita-bella-enclomiphene-citrate-12-5mg-90-capsules-in-pakistan,true,true,true,true,true,
https://cartly.com.pk/product/fluocinonide-ointment-cream-in-pakistan,fluocinonide-ointment-cream-in-pakistan,true,true,true,true,true,
https://cartly.com.pk/product/strate-labs-semaglutide-500mcg-capsules-sale-in-pakistan,strate-labs-semaglutide-500mcg-capsules-sale-in-pakistan,true,true,true,true,true,
https://cartly.com.pk/product/nextchems-s4-andarine-25mg-capsules-sale-in-pakistan,nextchems-s4-andarine-25mg-capsules-sale-in-pakistan,true,true,true,true,true,
https://cartly.com.pk/product/eucerin-cream-online-in-pakistan,eucerin-cream-online-in-pakistan,true,true,true,true,true,
https://cartly.com.pk/product/jenpharm-dermive-oil-free-moisturizer-sale-in-pakistan,jenpharm-dermive-oil-free-moisturizer-sale-in-pakistan,true,true,true,true,true,
https://cartly.com.pk/product/glow-mark-cream-order-in-pakistan,glow-mark-cream-order-in-pakistan,true,true,true,true,true,
https://cartly.com.pk/product/retinal-shot-celimax-in-pakistan,retinal-shot-celimax-in-pakistan,true,true,true,true,true,
https://cartly.com.pk/product/anua-pdrn-hyaluronic-acid-100-moisturizing-cream-in-pakistan,anua-pdrn-hyaluronic-acid-100-moisturizing-cream-in-pakistan,true,true,true,true,true,
https://cartly.com.pk/product/melasma-treatment-for-face-cream-sale-in-pakistan,melasma-treatment-for-face-cream-sale-in-pakistan,true,true,true,true,true,
https://cartly.com.pk/product/kopher-curepair-mela-cream-sale-in-pakistan,kopher-curepair-mela-cream-sale-in-pakistan,true,true,true,true,true,
https://cartly.com.pk/product/ajanta-peroclin-2-5-cream-15g-sale-in-pakistan,ajanta-peroclin-2-5-cream-15g-sale-in-pakistan,true,true,true,true,true,
https://cartly.com.pk/product/cica-redness-relief-treatment-cream-sale-in-pakistan,cica-redness-relief-treatment-cream-sale-in-pakistan,true,true,true,true,true,
https://cartly.com.pk/product/synthlab-tb-500-500mcg-60-capsules-sale-in-pakistan,synthlab-tb-500-500mcg-60-capsules-sale-in-pakistan,true,true,true,true,true,
https://cartly.com.pk/product/nextchems-doxazosin-4mg-capsules-sale-in-pakistan,nextchems-doxazosin-4mg-capsules-sale-in-pakistan,true,true,true,true,true,
https://cartly.com.pk/product/life-extension-breast-health-formula-in-pakistan,life-extension-breast-health-formula-in-pakistan,true,true,true,true,true,
https://cartly.com.pk/product/eroxon-erectile-dysfunction-treatment-gel-in-pakistan,eroxon-erectile-dysfunction-treatment-gel-in-pakistan,true,true,true,true,true,
https://cartly.com.pk/product/selincro-18mg-14-tablets-in-pakistan,selincro-18mg-14-tablets-in-pakistan,true,true,true,true,true,
https://cartly.com.pk/product/dermedik-serum-skin-peeling-anti-hair-loss-skin-beauty-serum-in-pakistan,dermedik-serum-skin-peeling-anti-hair-loss-skin-beauty-serum-in-pakistan,true,true,true,true,true,
https://cartly.com.pk/product/gerimax-ginseng-tablets-in-pakistan,gerimax-ginseng-tablets-in-pakistan,true,true,true,true,true,
https://cartly.com.pk/product/dior-capture-totale-cream-in-pakistan,dior-capture-totale-cream-in-pakistan,true,true,true,true,true,
https://cartly.com.pk/product/sombra-warm-pain-relief-arthritis-cream-in-pakistan,sombra-warm-pain-relief-arthritis-cream-in-pakistan,true,true,true,true,true,
https://cartly.com.pk/product/magnilife-relaxing-leg-cream-in-pakistan,magnilife-relaxing-leg-cream-in-pakistan,true,true,true,true,true,
https://cartly.com.pk/product/intensive-relief-foot-cream-in-pakistan,intensive-relief-foot-cream-in-pakistan,true,true,true,true,true,
https://cartly.com.pk/product/tricogen-lotion-100ml-in-pakistan,tricogen-lotion-100ml-in-pakistan,true,true,true,true,true,
https://cartly.com.pk/product/acm-depiwhite-s-spf-50ml-in-pakistan,acm-depiwhite-s-spf-50ml-in-pakistan,true,true,true,true,true,
https://cartly.com.pk/product/life-long-beauty-cream-sale-in-pakistan,life-long-beauty-cream-sale-in-pakistan,true,true,true,true,true,
https://cartly.com.pk/product/xtra-power-plus-timing-tablets-sale-in-pakistan,xtra-power-plus-timing-tablets-sale-in-pakistan,true,true,true,true,true,
https://cartly.com.pk/product/viga-240000-delay-spray-price-sale-in-pakistan,viga-240000-delay-spray-price-sale-in-pakistan,true,true,true,true,true,
https://cartly.com.pk/product/vigrx-plus-tablets-in-pakistan,vigrx-plus-tablets-in-pakistan,true,true,true,true,true,
https://cartly.com.pk/product/hyaluronic-acid-dermal-fillers-for-breast-augmentation-sale-in-pakistan,hyaluronic-acid-dermal-fillers-for-breast-augmentation-sale-in-pakistan,true,true,true,true,true,
https://cartly.com.pk/product/ambrx-capsules-in-pakistan,ambrx-capsules-in-pakistan,true,true,true,true,true,
https://cartly.com.pk/product/anti-stretch-marks-cream-in-pakistan,anti-stretch-marks-cream-in-pakistan,true,true,true,true,true,
https://cartly.com.pk/product/magic-body-massager-price-in-pakistan,magic-body-massager-price-in-pakistan,true,true,true,true,true,
https://cartly.com.pk/product/dorado-l-arginine-capsules-in-pakistan,dorado-l-arginine-capsules-in-pakistan,true,true,true,true,true,
https://cartly.com.pk/product/21st-century-b-complex-plus-vitamin-c-100-tablets-in-pakistan,21st-century-b-complex-plus-vitamin-c-100-tablets-in-pakistan,true,true,true,true,true,
https://cartly.com.pk/product/himalaya-ashvagandha-capsules-120-in-pakistan,himalaya-ashvagandha-capsules-120-in-pakistan,true,true,true,true,true,
https://cartly.com.pk/product/oladole-natural-glutathione-60-capsules-620mg-in-pakistan,oladole-natural-glutathione-60-capsules-620mg-in-pakistan,true,true,true,true,true,
https://cartly.com.pk/product/21st-century-one-daily-women-s-multivitamin-100-tablets-in-pakistan,21st-century-one-daily-women-s-multivitamin-100-tablets-in-pakistan,true,true,true,true,true,
https://cartly.com.pk/product/triple-omega-complex-3-6-9-90-softgels-price-in-pakistan,triple-omega-complex-3-6-9-90-softgels-price-in-pakistan,true,true,true,true,true,
https://cartly.com.pk/product/vitamin-b-complex-sustained-slow-release-sale-in-pakistan,vitamin-b-complex-sustained-slow-release-sale-in-pakistan,true,true,true,true,true,
https://cartly.com.pk/product/bio-protection-pure-shilajit-500mg-capsules-in-pakistan,bio-protection-pure-shilajit-500mg-capsules-in-pakistan,true,true,true,true,true,
https://cartly.com.pk/product/amazon-elements-digestive-enzyme-complex-capsules-in-pakistan,amazon-elements-digestive-enzyme-complex-capsules-in-pakistan,true,true,true,true,true,
https://cartly.com.pk/product/zenwise-health-digestive-enzymes-in-pakistan,zenwise-health-digestive-enzymes-in-pakistan,true,true,true,true,true,
https://cartly.com.pk/product/dr-formulated-digestive-enzymes-sale-in-pakistan,dr-formulated-digestive-enzymes-sale-in-pakistan,true,true,true,true,true,
https://cartly.com.pk/product/botox-stock-solution-serum-in-pakistan,botox-stock-solution-serum-in-pakistan,true,true,true,true,true,
https://cartly.com.pk/product/pfizer-viagra-tablets-buy-2get1-free,pfizer-viagra-tablets-buy-2get1-free,true,true,true,true,true,
https://cartly.com.pk/product/viagra-4-tablet-sale-in-pakistan,viagra-4-tablet-sale-in-pakistan,true,true,true,true,true,
https://cartly.com.pk/product/olvedic-fat-loss-oil-in-pakistan,olvedic-fat-loss-oil-in-pakistan,true,true,true,true,true,
https://cartly.com.pk/product/golden-h-delay-cream-in-pakistan,golden-h-delay-cream-in-pakistan,true,true,true,true,true,
https://cartly.com.pk/product/dr-rashel-breast-enlargement-cream-in-pakistan,dr-rashel-breast-enlargement-cream-in-pakistan,true,true,true,true,true,
https://cartly.com.pk/product/artificial-hymen-kit-in-pakistan,artificial-hymen-kit-in-pakistan,true,true,true,true,true,
https://cartly.com.pk/product/levitra-vardenafil-tablets-in-pakistan,levitra-vardenafil-tablets-in-pakistan,true,true,true,true,true,
https://cartly.com.pk/product/ativan-tablets-in-pakistan,ativan-tablets-in-pakistan,true,true,true,true,true,
https://cartly.com.pk/product/joint-pain-capsules-in-pakistan,joint-pain-capsules-in-pakistan,true,true,true,true,true,
https://cartly.com.pk/product/efinny-big-bust-up-breast-oil-in-pakistan,efinny-big-bust-up-breast-oil-in-pakistan,true,true,true,true,true,
https://cartly.com.pk/product/v-tight-gel-in-pakistan,v-tight-gel-in-pakistan,true,true,true,true,true,
https://cartly.com.pk/product/care-of-men-enlarge-oil-in-pakistan,care-of-men-enlarge-oil-in-pakistan,true,true,true,true,true,
https://cartly.com.pk/product/realistic-dildo-for-beginners-sale-in-pakistan,realistic-dildo-for-beginners-sale-in-pakistan,true,true,true,true,true,
https://cartly.com.pk/product/black-forest-nmn-1000mg-in-pakistan,black-forest-nmn-1000mg-in-pakistan,true,true,true,true,true,
https://cartly.com.pk/product/lozivate-mf-xl-ointment-sale-in-pakistan,lozivate-mf-xl-ointment-sale-in-pakistan,true,true,true,true,true,
https://cartly.com.pk/product/imuran-tablets-50-mg-sale-in-pakistan,imuran-tablets-50-mg-sale-in-pakistan,true,true,true,true,true,
https://cartly.com.pk/product/mia-khalifa-male-realistic-pocket-pussy-masturbator-sale-in-pakistan,mia-khalifa-male-realistic-pocket-pussy-masturbator-sale-in-pakistan,true,true,true,true,true,
https://cartly.com.pk/product/lenvaxen-4-capsules-sale-in-pakistan,lenvaxen-4-capsules-sale-in-pakistan,true,true,true,true,true,
https://cartly.com.pk/product/al-saudia-timing-cream-in-pakistan,al-saudia-timing-cream-in-pakistan,true,true,true,true,true,
https://cartly.com.pk/product/pipedream-king-cock-dildo-6-inch-a-sale-in-pakistan,pipedream-king-cock-dildo-6-inch-a-sale-in-pakistan,true,true,true,true,true,
https://cartly.com.pk/product/vardenafil-oral-jelly-online-in-pakistan,vardenafil-oral-jelly-online-in-pakistan,true,true,true,true,true,
https://cartly.com.pk/product/femalegra-tablets-price-in-pakistan,femalegra-tablets-price-in-pakistan,true,true,true,true,true,
https://cartly.com.pk/product/hello-cake-buzzy-butt-vibrating-anal-plug-sale-in-pakistan,hello-cake-buzzy-butt-vibrating-anal-plug-sale-in-pakistan,true,true,true,true,true,
https://cartly.com.pk/product/edge-delay-gel-sale-in-pakistan,edge-delay-gel-sale-in-pakistan,true,true,true,true,true,
https://cartly.com.pk/product/dot-cream-100-minutes-duration-sale-in-pakistan,dot-cream-100-minutes-duration-sale-in-pakistan,true,true,true,true,true,
https://cartly.com.pk/product/durex-time-delay-cream-sale-in-pakistan,durex-time-delay-cream-sale-in-pakistan,true,true,true,true,true,
https://cartly.com.pk/product/tadmax-20-tablet-sale-in-pakistan,tadmax-20-tablet-sale-in-pakistan,true,true,true,true,true,
https://cartly.com.pk/product/xtra-man-delay-cream-sale-in-pakistan,xtra-man-delay-cream-sale-in-pakistan,true,true,true,true,true,
https://cartly.com.pk/product/reductil-15mg-capsule-order-in-pakistan,reductil-15mg-capsule-order-in-pakistan,true,true,true,true,true,
https://cartly.com.pk/product/scotmann-s-axtin-4mg-softgels-sale-in-pakistan,scotmann-s-axtin-4mg-softgels-sale-in-pakistan,true,true,true,true,true,
https://cartly.com.pk/product/besenify-pure-nmn-500mg-capsules-sale-in-pakistan,besenify-pure-nmn-500mg-capsules-sale-in-pakistan,true,true,true,true,true,
https://cartly.com.pk/product/maximum-strength-folli-form-supplement-sale-in-pakistan,maximum-strength-folli-form-supplement-sale-in-pakistan,true,true,true,true,true,
https://cartly.com.pk/product/dermisalic-ointment-sale-in-pakistan,dermisalic-ointment-sale-in-pakistan,true,true,true,true,true,
https://cartly.com.pk/product/zeelab-kojic-acid-2-and-vitamin-c-cream-in-pakistan,zeelab-kojic-acid-2-and-vitamin-c-cream-in-pakistan,true,true,true,true,true,
https://cartly.com.pk/product/scotmann-sunnyd-pro-vitamin-d3-k2-60-softgels-in-pakistan,scotmann-sunnyd-pro-vitamin-d3-k2-60-softgels-in-pakistan,true,true,true,true,true,
https://cartly.com.pk/product/biaxol-tudca-capsules-sale-in-pakistan,biaxol-tudca-capsules-sale-in-pakistan,true,true,true,true,true,
https://cartly.com.pk/product/shilajit-capsules-price-in-pakistan,shilajit-capsules-price-in-pakistan,true,true,true,true,true,
https://cartly.com.pk/product/arthroflex-advanced-in-pakistan,arthroflex-advanced-in-pakistan,true,true,true,true,true,
https://cartly.com.pk/product/elan-weight-loss-tablets-in-pakistan,elan-weight-loss-tablets-in-pakistan,true,true,true,true,true,
https://cartly.com.pk/product/digestive-enzymes-with-probiotics-pills-sale-in-pakistan,digestive-enzymes-with-probiotics-pills-sale-in-pakistan,true,true,true,true,true,
https://cartly.com.pk/product/cerave-eye-repair-cream-in-pakistan,cerave-eye-repair-cream-in-pakistan,true,true,true,true,true,
https://cartly.com.pk/product/alhydran-gel-in-pakistan,alhydran-gel-in-pakistan,true,true,true,true,true,
https://cartly.com.pk/product/fluconazole-tablets-ip-150mg-in-pakistan,fluconazole-tablets-ip-150mg-in-pakistan,true,true,true,true,true,
https://cartly.com.pk/product/fluconazole-tablets-ip-150mg-sale-in-pakistan,fluconazole-tablets-ip-150mg-sale-in-pakistan,true,true,true,true,true,
https://cartly.com.pk/product/joint-flex-cream-in-pakistan,joint-flex-cream-in-pakistan,true,true,true,true,true,
https://cartly.com.pk/product/prostagenix-capsules-price-in-pakistan,prostagenix-capsules-price-in-pakistan,true,true,true,true,true,
https://cartly.com.pk/product/4-inches-strong-bullet-vibrator-in-pakistan,4-inches-strong-bullet-vibrator-in-pakistan,true,true,true,true,true,
https://cartly.com.pk/product/b-vibe-vibrating-jewel-butt-plug-sale-in-pakistan,b-vibe-vibrating-jewel-butt-plug-sale-in-pakistan,true,true,true,true,true,
https://cartly.com.pk/product/butt-plug-anal-sex-toys-utimi-anal-plug-in-pakistan,butt-plug-anal-sex-toys-utimi-anal-plug-in-pakistan,true,true,true,true,true,
https://cartly.com.pk/product/regal-plus-capsules-sale-in-pakistan,regal-plus-capsules-sale-in-pakistan,true,true,true,true,true,
https://cartly.com.pk/product/male-penis-pump-in-pakistan,male-penis-pump-in-pakistan,true,true,true,true,true,
https://cartly.com.pk/product/majoon-loha-par-gold-price-in-pakistan,majoon-loha-par-gold-price-in-pakistan,true,true,true,true,true,
https://cartly.com.pk/product/roket-tilla-by-hakeem-kashif-kasuri-sale-in-pakistan,roket-tilla-by-hakeem-kashif-kasuri-sale-in-pakistan,true,true,true,true,true,
https://cartly.com.pk/product/hms-nutrition-lion-s-mane-mushroom-sale-in-pakistan,hms-nutrition-lion-s-mane-mushroom-sale-in-pakistan,true,true,true,true,true,
https://cartly.com.pk/product/master-gauge-penis-pump-sale-in-pakistan,master-gauge-penis-pump-sale-in-pakistan,true,true,true,true,true,
https://cartly.com.pk/product/nuobisong-cream-sale-in-pakistan,nuobisong-cream-sale-in-pakistan,true,true,true,true,true,
https://cartly.com.pk/product/cbd-vape-juice-online-in-lahore,cbd-vape-juice-online-in-lahore,true,true,true,true,true,
https://cartly.com.pk/product/thc-vapes-sale-in-pakistan,thc-vapes-sale-in-pakistan,true,true,true,true,true,
https://cartly.com.pk/product/thc-pen-buy-now-in-pakistan,thc-pen-buy-now-in-pakistan,true,true,true,true,true,
https://cartly.com.pk/product/white-balance-cream-order-in-pakistan,white-balance-cream-order-in-pakistan,true,true,true,true,true,
https://cartly.com.pk/product/ava-skin-care-face-wash-in-pakistan,ava-skin-care-face-wash-in-pakistan,true,true,true,true,true,
https://cartly.com.pk/product/vitiligo-bee-venom-treatment-cream-sale-in-pakistan,vitiligo-bee-venom-treatment-cream-sale-in-pakistan,true,true,true,true,true,
https://cartly.com.pk/product/oedo-ginseng-breast-cream-sale-in-pakistan,oedo-ginseng-breast-cream-sale-in-pakistan,true,true,true,true,true,
https://cartly.com.pk/product/liposomal-nad-1000mg-price-in-pakistan,liposomal-nad-1000mg-price-in-pakistan,true,true,true,true,true,
https://cartly.com.pk/product/vigo-night-delay-cream-sale-in-pakistan,vigo-night-delay-cream-sale-in-pakistan,true,true,true,true,true,
https://cartly.com.pk/product/soft-curve-4d-breast-cream-price-in-pakistan,soft-curve-4d-breast-cream-price-in-pakistan,true,true,true,true,true,
https://cartly.com.pk/product/skinshine-sunscreen-spf-50-lotion-price-in-pakistan,skinshine-sunscreen-spf-50-lotion-price-in-pakistan,true,true,true,true,true,
https://cartly.com.pk/product/biodermix-dream-boost-cream-price-in-pakistan,biodermix-dream-boost-cream-price-in-pakistan,true,true,true,true,true,
https://cartly.com.pk/product/anapolon-50mg-tablets-price-in-pakistan,anapolon-50mg-tablets-price-in-pakistan,true,true,true,true,true,
https://cartly.com.pk/product/power-plus-delay-cream-price-in-pakistan,power-plus-delay-cream-price-in-pakistan,true,true,true,true,true,
https://cartly.com.pk/product/eltrom-50mg-tablets-price-in-pakistan,eltrom-50mg-tablets-price-in-pakistan,true,true,true,true,true,
https://cartly.com.pk/product/glyco-6-cream-sale-in-pakistan,glyco-6-cream-sale-in-pakistan,true,true,true,true,true,
https://cartly.com.pk/product/kemei-electric-hair-removal-in-pakistan,kemei-electric-hair-removal-in-pakistan,true,true,true,true,true,
https://cartly.com.pk/product/lisdexamfetamine-vyvanse-30mg-price-in-pakistan,lisdexamfetamine-vyvanse-30mg-price-in-pakistan,true,true,true,true,true,
https://cartly.com.pk/product/triple-shot-energy-honey-for-him-in-pakistan,triple-shot-energy-honey-for-him-in-pakistan,true,true,true,true,true,
